-- Seed data for test program and logs (including daily_health_logs)
BEGIN;

-- Cleanup if re-running this seed
DELETE FROM daily_health_logs WHERE program_id = '9eda12f3-bbb3-4afd-84c3-d05b0c9a8cff';
DELETE FROM workout_logs WHERE program_id = '9eda12f3-bbb3-4afd-84c3-d05b0c9a8cff';
DELETE FROM program_memberships WHERE program_id = '9eda12f3-bbb3-4afd-84c3-d05b0c9a8cff';
DELETE FROM programs WHERE id = '9eda12f3-bbb3-4afd-84c3-d05b0c9a8cff';
DELETE FROM members
WHERE id IN (
  '10e30f3d-2f52-54d5-bddf-69e1046edc1b',
  'f513b239-1e56-58be-a290-cb926571e063',
  '267a7b51-d08a-5e24-ad7f-b51ddc865934',
  '172a2d00-a31e-56e1-a9a6-bc52920aae6a',
  '17114033-ae3e-566f-9a61-8130401c99a8',
  'f5e5aeb4-3575-55be-8b91-b73fecef60a5',
  '675b2f70-6eb4-55e9-aa63-08398c020e0c',
  '165b598e-8deb-5d2a-9ebc-f91770cfc862',
  '77f5cab0-13cb-5ea1-8cd1-45792f9ff3e3',
  '95699163-008e-5e54-a36d-5877c077e3eb'
);

-- Program
INSERT INTO programs (id, name, start_date, end_date, status, description) VALUES
(
  '9eda12f3-bbb3-4afd-84c3-d05b0c9a8cff',
  'Winter Test Program',
  '2025-12-01',
  '2026-02-20',
  'active',
  'Seeded test program for Dec 1 2025 through Feb 20 2026 (logs through Jan 17).'
);

-- Members
-- Password for all test members is 'change_me' (bcrypt hashed)
INSERT INTO members (id, member_name, username, password, gender, date_of_birth, date_joined, role, global_role) VALUES
('10e30f3d-2f52-54d5-bddf-69e1046edc1b', 'Aarav Menon', 'aarav.m', '$2b$10$Jm7tAerElBCsdtoSe6r/iOYED0CV/wFd42YOC8/AWrVCjjNuqskD6', 'male', '1990-04-12', '2025-11-20', 'member', 'standard'),
('f513b239-1e56-58be-a290-cb926571e063', 'Diya Iyer', 'diya.i', '$2b$10$Jm7tAerElBCsdtoSe6r/iOYED0CV/wFd42YOC8/AWrVCjjNuqskD6', 'female', '1995-09-03', '2025-11-22', 'member', 'standard'),
('267a7b51-d08a-5e24-ad7f-b51ddc865934', 'Karthik Rao', 'karthik.r', '$2b$10$Jm7tAerElBCsdtoSe6r/iOYED0CV/wFd42YOC8/AWrVCjjNuqskD6', 'male', '1988-02-19', '2025-11-18', 'member', 'standard'),
('172a2d00-a31e-56e1-a9a6-bc52920aae6a', 'Meera Nair', 'meera.n', '$2b$10$Jm7tAerElBCsdtoSe6r/iOYED0CV/wFd42YOC8/AWrVCjjNuqskD6', 'female', '1992-07-27', '2025-11-25', 'member', 'standard'),
('17114033-ae3e-566f-9a61-8130401c99a8', 'Rohan Sharma', 'rohan.s', '$2b$10$Jm7tAerElBCsdtoSe6r/iOYED0CV/wFd42YOC8/AWrVCjjNuqskD6', 'male', '1985-12-05', '2025-11-10', 'member', 'standard'),
('f5e5aeb4-3575-55be-8b91-b73fecef60a5', 'Sneha Pillai', 'sneha.p', '$2b$10$Jm7tAerElBCsdtoSe6r/iOYED0CV/wFd42YOC8/AWrVCjjNuqskD6', 'female', '1998-01-14', '2025-11-28', 'member', 'standard'),
('675b2f70-6eb4-55e9-aa63-08398c020e0c', 'Vikram Das', 'vikram.d', '$2b$10$Jm7tAerElBCsdtoSe6r/iOYED0CV/wFd42YOC8/AWrVCjjNuqskD6', 'male', '1991-06-21', '2025-11-15', 'member', 'standard'),
('165b598e-8deb-5d2a-9ebc-f91770cfc862', 'Ananya Bose', 'ananya.b', '$2b$10$Jm7tAerElBCsdtoSe6r/iOYED0CV/wFd42YOC8/AWrVCjjNuqskD6', 'female', '1993-03-09', '2025-11-30', 'member', 'standard'),
('77f5cab0-13cb-5ea1-8cd1-45792f9ff3e3', 'Nikhil Gupta', 'nikhil.g', '$2b$10$Jm7tAerElBCsdtoSe6r/iOYED0CV/wFd42YOC8/AWrVCjjNuqskD6', 'male', '1989-10-11', '2025-11-12', 'member', 'standard'),
('95699163-008e-5e54-a36d-5877c077e3eb', 'Priya Krishnan', 'priya.k', '$2b$10$Jm7tAerElBCsdtoSe6r/iOYED0CV/wFd42YOC8/AWrVCjjNuqskD6', 'female', '1996-08-30', '2025-11-26', 'member', 'standard');

-- Program memberships
INSERT INTO program_memberships (program_id, member_id, joined_at, is_active, role) VALUES
('9eda12f3-bbb3-4afd-84c3-d05b0c9a8cff', '10e30f3d-2f52-54d5-bddf-69e1046edc1b', '2025-12-01T08:00:00+00', true, 'member'),
('9eda12f3-bbb3-4afd-84c3-d05b0c9a8cff', 'f513b239-1e56-58be-a290-cb926571e063', '2025-12-01T08:07:00+00', true, 'member'),
('9eda12f3-bbb3-4afd-84c3-d05b0c9a8cff', '267a7b51-d08a-5e24-ad7f-b51ddc865934', '2025-12-01T08:14:00+00', true, 'member'),
('9eda12f3-bbb3-4afd-84c3-d05b0c9a8cff', '172a2d00-a31e-56e1-a9a6-bc52920aae6a', '2025-12-01T08:21:00+00', true, 'member'),
('9eda12f3-bbb3-4afd-84c3-d05b0c9a8cff', '17114033-ae3e-566f-9a61-8130401c99a8', '2025-12-01T08:28:00+00', true, 'member'),
('9eda12f3-bbb3-4afd-84c3-d05b0c9a8cff', 'f5e5aeb4-3575-55be-8b91-b73fecef60a5', '2025-12-01T08:35:00+00', true, 'member'),
('9eda12f3-bbb3-4afd-84c3-d05b0c9a8cff', '675b2f70-6eb4-55e9-aa63-08398c020e0c', '2025-12-01T08:42:00+00', true, 'member'),
('9eda12f3-bbb3-4afd-84c3-d05b0c9a8cff', '165b598e-8deb-5d2a-9ebc-f91770cfc862', '2025-12-01T08:49:00+00', true, 'member'),
('9eda12f3-bbb3-4afd-84c3-d05b0c9a8cff', '77f5cab0-13cb-5ea1-8cd1-45792f9ff3e3', '2025-12-01T08:56:00+00', true, 'member'),
('9eda12f3-bbb3-4afd-84c3-d05b0c9a8cff', '95699163-008e-5e54-a36d-5877c077e3eb', '2025-12-01T09:03:00+00', true, 'member');

-- Daily health logs (Sleep + Food) sample rows
-- One per (program_id, member_id, log_date)
INSERT INTO daily_health_logs (program_id, member_id, log_date, sleep_hours, food_quality) VALUES
('9eda12f3-bbb3-4afd-84c3-d05b0c9a8cff', '10e30f3d-2f52-54d5-bddf-69e1046edc1b', '2025-12-02', 7.50, 4),
('9eda12f3-bbb3-4afd-84c3-d05b0c9a8cff', '10e30f3d-2f52-54d5-bddf-69e1046edc1b', '2025-12-03', 6.75, 3),
('9eda12f3-bbb3-4afd-84c3-d05b0c9a8cff', '10e30f3d-2f52-54d5-bddf-69e1046edc1b', '2025-12-06', 8.00, 5),
('9eda12f3-bbb3-4afd-84c3-d05b0c9a8cff', 'f513b239-1e56-58be-a290-cb926571e063', '2025-12-02', 6.25, 3),
('9eda12f3-bbb3-4afd-84c3-d05b0c9a8cff', 'f513b239-1e56-58be-a290-cb926571e063', '2025-12-04', 7.00, 4),
('9eda12f3-bbb3-4afd-84c3-d05b0c9a8cff', '267a7b51-d08a-5e24-ad7f-b51ddc865934', '2025-12-01', 7.25, 2),
('9eda12f3-bbb3-4afd-84c3-d05b0c9a8cff', '267a7b51-d08a-5e24-ad7f-b51ddc865934', '2025-12-04', 6.50, 3),
('9eda12f3-bbb3-4afd-84c3-d05b0c9a8cff', '172a2d00-a31e-56e1-a9a6-bc52920aae6a', '2025-12-03', 8.25, 4),
('9eda12f3-bbb3-4afd-84c3-d05b0c9a8cff', '17114033-ae3e-566f-9a61-8130401c99a8', '2025-12-01', 6.00, 2),
('9eda12f3-bbb3-4afd-84c3-d05b0c9a8cff', 'f5e5aeb4-3575-55be-8b91-b73fecef60a5', '2025-12-01', 7.75, 5),
('9eda12f3-bbb3-4afd-84c3-d05b0c9a8cff', '675b2f70-6eb4-55e9-aa63-08398c020e0c', '2025-12-03', 6.50, 3),
('9eda12f3-bbb3-4afd-84c3-d05b0c9a8cff', '165b598e-8deb-5d2a-9ebc-f91770cfc862', '2025-12-01', 8.00, 4),
('9eda12f3-bbb3-4afd-84c3-d05b0c9a8cff', '77f5cab0-13cb-5ea1-8cd1-45792f9ff3e3', '2025-12-02', 6.75, 2),
('9eda12f3-bbb3-4afd-84c3-d05b0c9a8cff', '95699163-008e-5e54-a36d-5877c077e3eb', '2025-12-01', 7.00, 4);

-- Workout logs (Dec 1 2025 through Jan 17 2026)
INSERT INTO workout_logs (member_id, workout_name, duration, date, program_id) VALUES
('10e30f3d-2f52-54d5-bddf-69e1046edc1b', 'Meditation', 32, '2025-12-02', '9eda12f3-bbb3-4afd-84c3-d05b0c9a8cff'),
('10e30f3d-2f52-54d5-bddf-69e1046edc1b', 'Sports', 72, '2025-12-03', '9eda12f3-bbb3-4afd-84c3-d05b0c9a8cff'),
('10e30f3d-2f52-54d5-bddf-69e1046edc1b', 'Pranayam', 49, '2025-12-06', '9eda12f3-bbb3-4afd-84c3-d05b0c9a8cff'),
('10e30f3d-2f52-54d5-bddf-69e1046edc1b', 'Pranayam', 42, '2025-12-08', '9eda12f3-bbb3-4afd-84c3-d05b0c9a8cff'),
('10e30f3d-2f52-54d5-bddf-69e1046edc1b', 'Meditation', 44, '2025-12-09', '9eda12f3-bbb3-4afd-84c3-d05b0c9a8cff'),
('10e30f3d-2f52-54d5-bddf-69e1046edc1b', 'Meditation', 65, '2025-12-10', '9eda12f3-bbb3-4afd-84c3-d05b0c9a8cff'),
('10e30f3d-2f52-54d5-bddf-69e1046edc1b', 'Sports', 42, '2025-12-11', '9eda12f3-bbb3-4afd-84c3-d05b0c9a8cff'),
('10e30f3d-2f52-54d5-bddf-69e1046edc1b', 'Meditation', 30, '2025-12-13', '9eda12f3-bbb3-4afd-84c3-d05b0c9a8cff'),
('10e30f3d-2f52-54d5-bddf-69e1046edc1b', 'Pranayam', 47, '2025-12-15', '9eda12f3-bbb3-4afd-84c3-d05b0c9a8cff'),
('10e30f3d-2f52-54d5-bddf-69e1046edc1b', 'Meditation', 58, '2025-12-16', '9eda12f3-bbb3-4afd-84c3-d05b0c9a8cff'),
('10e30f3d-2f52-54d5-bddf-69e1046edc1b', 'Core Training', 47, '2025-12-18', '9eda12f3-bbb3-4afd-84c3-d05b0c9a8cff'),
('10e30f3d-2f52-54d5-bddf-69e1046edc1b', 'Pranayam', 69, '2025-12-20', '9eda12f3-bbb3-4afd-84c3-d05b0c9a8cff'),
('10e30f3d-2f52-54d5-bddf-69e1046edc1b', 'Meditation', 68, '2025-12-21', '9eda12f3-bbb3-4afd-84c3-d05b0c9a8cff'),
('10e30f3d-2f52-54d5-bddf-69e1046edc1b', 'Meditation', 73, '2025-12-23', '9eda12f3-bbb3-4afd-84c3-d05b0c9a8cff'),
('10e30f3d-2f52-54d5-bddf-69e1046edc1b', 'Pranayam', 71, '2025-12-24', '9eda12f3-bbb3-4afd-84c3-d05b0c9a8cff'),
('10e30f3d-2f52-54d5-bddf-69e1046edc1b', 'Pranayam', 31, '2025-12-25', '9eda12f3-bbb3-4afd-84c3-d05b0c9a8cff'),
('10e30f3d-2f52-54d5-bddf-69e1046edc1b', 'Sports', 42, '2025-12-27', '9eda12f3-bbb3-4afd-84c3-d05b0c9a8cff'),
('10e30f3d-2f52-54d5-bddf-69e1046edc1b', 'Sports', 61, '2025-12-28', '9eda12f3-bbb3-4afd-84c3-d05b0c9a8cff'),
('10e30f3d-2f52-54d5-bddf-69e1046edc1b', 'Sports', 60, '2025-12-29', '9eda12f3-bbb3-4afd-84c3-d05b0c9a8cff'),
('10e30f3d-2f52-54d5-bddf-69e1046edc1b', 'Pranayam', 72, '2025-12-31', '9eda12f3-bbb3-4afd-84c3-d05b0c9a8cff'),
('10e30f3d-2f52-54d5-bddf-69e1046edc1b', 'Pranayam', 30, '2026-01-01', '9eda12f3-bbb3-4afd-84c3-d05b0c9a8cff'),
('10e30f3d-2f52-54d5-bddf-69e1046edc1b', 'Meditation', 60, '2026-01-02', '9eda12f3-bbb3-4afd-84c3-d05b0c9a8cff'),
('10e30f3d-2f52-54d5-bddf-69e1046edc1b', 'Core Training', 38, '2026-01-03', '9eda12f3-bbb3-4afd-84c3-d05b0c9a8cff'),
('10e30f3d-2f52-54d5-bddf-69e1046edc1b', 'Sports', 33, '2026-01-06', '9eda12f3-bbb3-4afd-84c3-d05b0c9a8cff'),
('10e30f3d-2f52-54d5-bddf-69e1046edc1b', 'Meditation', 39, '2026-01-07', '9eda12f3-bbb3-4afd-84c3-d05b0c9a8cff'),
('10e30f3d-2f52-54d5-bddf-69e1046edc1b', 'Core Training', 30, '2026-01-08', '9eda12f3-bbb3-4afd-84c3-d05b0c9a8cff'),
('10e30f3d-2f52-54d5-bddf-69e1046edc1b', 'Meditation', 66, '2026-01-09', '9eda12f3-bbb3-4afd-84c3-d05b0c9a8cff'),
('10e30f3d-2f52-54d5-bddf-69e1046edc1b', 'Meditation', 43, '2026-01-10', '9eda12f3-bbb3-4afd-84c3-d05b0c9a8cff'),
('10e30f3d-2f52-54d5-bddf-69e1046edc1b', 'Meditation', 35, '2026-01-12', '9eda12f3-bbb3-4afd-84c3-d05b0c9a8cff'),
('10e30f3d-2f52-54d5-bddf-69e1046edc1b', 'Core Training', 75, '2026-01-14', '9eda12f3-bbb3-4afd-84c3-d05b0c9a8cff'),
('10e30f3d-2f52-54d5-bddf-69e1046edc1b', 'Meditation', 36, '2026-01-16', '9eda12f3-bbb3-4afd-84c3-d05b0c9a8cff'),
('f513b239-1e56-58be-a290-cb926571e063', 'Strength Training', 22, '2025-12-02', '9eda12f3-bbb3-4afd-84c3-d05b0c9a8cff'),
('f513b239-1e56-58be-a290-cb926571e063', 'Strength Training', 35, '2025-12-04', '9eda12f3-bbb3-4afd-84c3-d05b0c9a8cff'),
('f513b239-1e56-58be-a290-cb926571e063', 'Cycling', 22, '2025-12-05', '9eda12f3-bbb3-4afd-84c3-d05b0c9a8cff'),
('f513b239-1e56-58be-a290-cb926571e063', 'Cycling', 43, '2025-12-07', '9eda12f3-bbb3-4afd-84c3-d05b0c9a8cff'),
('f513b239-1e56-58be-a290-cb926571e063', 'Other', 22, '2025-12-08', '9eda12f3-bbb3-4afd-84c3-d05b0c9a8cff'),
('f513b239-1e56-58be-a290-cb926571e063', 'Cycling', 41, '2025-12-09', '9eda12f3-bbb3-4afd-84c3-d05b0c9a8cff'),
('f513b239-1e56-58be-a290-cb926571e063', 'Strength Training', 21, '2025-12-12', '9eda12f3-bbb3-4afd-84c3-d05b0c9a8cff'),
('f513b239-1e56-58be-a290-cb926571e063', 'Elliptical', 32, '2025-12-15', '9eda12f3-bbb3-4afd-84c3-d05b0c9a8cff'),
('f513b239-1e56-58be-a290-cb926571e063', 'Strength Training', 28, '2025-12-16', '9eda12f3-bbb3-4afd-84c3-d05b0c9a8cff'),
('f513b239-1e56-58be-a290-cb926571e063', 'Cycling', 35, '2025-12-19', '9eda12f3-bbb3-4afd-84c3-d05b0c9a8cff'),
('f513b239-1e56-58be-a290-cb926571e063', 'Other', 28, '2025-12-20', '9eda12f3-bbb3-4afd-84c3-d05b0c9a8cff'),
('f513b239-1e56-58be-a290-cb926571e063', 'Cycling', 20, '2025-12-23', '9eda12f3-bbb3-4afd-84c3-d05b0c9a8cff'),
('f513b239-1e56-58be-a290-cb926571e063', 'Other', 42, '2025-12-24', '9eda12f3-bbb3-4afd-84c3-d05b0c9a8cff'),
('f513b239-1e56-58be-a290-cb926571e063', 'Strength Training', 40, '2025-12-25', '9eda12f3-bbb3-4afd-84c3-d05b0c9a8cff'),
('f513b239-1e56-58be-a290-cb926571e063', 'Cycling', 39, '2025-12-26', '9eda12f3-bbb3-4afd-84c3-d05b0c9a8cff'),
('f513b239-1e56-58be-a290-cb926571e063', 'Elliptical', 36, '2025-12-28', '9eda12f3-bbb3-4afd-84c3-d05b0c9a8cff'),
('f513b239-1e56-58be-a290-cb926571e063', 'Cycling', 22, '2025-12-29', '9eda12f3-bbb3-4afd-84c3-d05b0c9a8cff'),
('f513b239-1e56-58be-a290-cb926571e063', 'Cycling', 35, '2025-12-30', '9eda12f3-bbb3-4afd-84c3-d05b0c9a8cff'),
('f513b239-1e56-58be-a290-cb926571e063', 'Cycling', 22, '2026-01-02', '9eda12f3-bbb3-4afd-84c3-d05b0c9a8cff'),
('f513b239-1e56-58be-a290-cb926571e063', 'Cycling', 44, '2026-01-03', '9eda12f3-bbb3-4afd-84c3-d05b0c9a8cff'),
('f513b239-1e56-58be-a290-cb926571e063', 'Elliptical', 42, '2026-01-05', '9eda12f3-bbb3-4afd-84c3-d05b0c9a8cff'),
('f513b239-1e56-58be-a290-cb926571e063', 'Elliptical', 44, '2026-01-06', '9eda12f3-bbb3-4afd-84c3-d05b0c9a8cff'),
('f513b239-1e56-58be-a290-cb926571e063', 'Strength Training', 28, '2026-01-07', '9eda12f3-bbb3-4afd-84c3-d05b0c9a8cff'),
('f513b239-1e56-58be-a290-cb926571e063', 'Strength Training', 34, '2026-01-08', '9eda12f3-bbb3-4afd-84c3-d05b0c9a8cff'),
('f513b239-1e56-58be-a290-cb926571e063', 'Other', 25, '2026-01-13', '9eda12f3-bbb3-4afd-84c3-d05b0c9a8cff'),
('f513b239-1e56-58be-a290-cb926571e063', 'Elliptical', 23, '2026-01-14', '9eda12f3-bbb3-4afd-84c3-d05b0c9a8cff'),
('f513b239-1e56-58be-a290-cb926571e063', 'Cycling', 45, '2026-01-15', '9eda12f3-bbb3-4afd-84c3-d05b0c9a8cff'),
('f513b239-1e56-58be-a290-cb926571e063', 'Elliptical', 24, '2026-01-17', '9eda12f3-bbb3-4afd-84c3-d05b0c9a8cff'),
('267a7b51-d08a-5e24-ad7f-b51ddc865934', 'Other', 46, '2025-12-01', '9eda12f3-bbb3-4afd-84c3-d05b0c9a8cff'),
('267a7b51-d08a-5e24-ad7f-b51ddc865934', 'Other', 53, '2025-12-02', '9eda12f3-bbb3-4afd-84c3-d05b0c9a8cff'),
('267a7b51-d08a-5e24-ad7f-b51ddc865934', 'Other', 60, '2025-12-03', '9eda12f3-bbb3-4afd-84c3-d05b0c9a8cff'),
('267a7b51-d08a-5e24-ad7f-b51ddc865934', 'Cardio (HIIT)', 85, '2025-12-04', '9eda12f3-bbb3-4afd-84c3-d05b0c9a8cff'),
('267a7b51-d08a-5e24-ad7f-b51ddc865934', 'Cardio (HIIT)', 75, '2025-12-05', '9eda12f3-bbb3-4afd-84c3-d05b0c9a8cff'),
('267a7b51-d08a-5e24-ad7f-b51ddc865934', 'Cardio (HIIT)', 61, '2025-12-06', '9eda12f3-bbb3-4afd-84c3-d05b0c9a8cff'),
('267a7b51-d08a-5e24-ad7f-b51ddc865934', 'Cardio (HIIT)', 64, '2025-12-07', '9eda12f3-bbb3-4afd-84c3-d05b0c9a8cff'),
('267a7b51-d08a-5e24-ad7f-b51ddc865934', 'Hiking', 150, '2025-12-08', '9eda12f3-bbb3-4afd-84c3-d05b0c9a8cff'),
('267a7b51-d08a-5e24-ad7f-b51ddc865934', 'Meditation', 73, '2025-12-09', '9eda12f3-bbb3-4afd-84c3-d05b0c9a8cff'),
('267a7b51-d08a-5e24-ad7f-b51ddc865934', 'Other', 74, '2025-12-10', '9eda12f3-bbb3-4afd-84c3-d05b0c9a8cff'),
('267a7b51-d08a-5e24-ad7f-b51ddc865934', 'Meditation', 85, '2025-12-11', '9eda12f3-bbb3-4afd-84c3-d05b0c9a8cff'),
('267a7b51-d08a-5e24-ad7f-b51ddc865934', 'Elliptical', 53, '2025-12-12', '9eda12f3-bbb3-4afd-84c3-d05b0c9a8cff'),
('267a7b51-d08a-5e24-ad7f-b51ddc865934', 'Elliptical', 80, '2025-12-13', '9eda12f3-bbb3-4afd-84c3-d05b0c9a8cff'),
('267a7b51-d08a-5e24-ad7f-b51ddc865934', 'Elliptical', 73, '2025-12-14', '9eda12f3-bbb3-4afd-84c3-d05b0c9a8cff'),
('267a7b51-d08a-5e24-ad7f-b51ddc865934', 'Cardio (HIIT)', 56, '2025-12-15', '9eda12f3-bbb3-4afd-84c3-d05b0c9a8cff'),
('267a7b51-d08a-5e24-ad7f-b51ddc865934', 'Elliptical', 83, '2025-12-16', '9eda12f3-bbb3-4afd-84c3-d05b0c9a8cff'),
('267a7b51-d08a-5e24-ad7f-b51ddc865934', 'Hiking', 168, '2025-12-17', '9eda12f3-bbb3-4afd-84c3-d05b0c9a8cff'),
('267a7b51-d08a-5e24-ad7f-b51ddc865934', 'Elliptical', 87, '2025-12-19', '9eda12f3-bbb3-4afd-84c3-d05b0c9a8cff'),
('267a7b51-d08a-5e24-ad7f-b51ddc865934', 'Elliptical', 68, '2025-12-20', '9eda12f3-bbb3-4afd-84c3-d05b0c9a8cff'),
('267a7b51-d08a-5e24-ad7f-b51ddc865934', 'Other', 76, '2025-12-22', '9eda12f3-bbb3-4afd-84c3-d05b0c9a8cff'),
('267a7b51-d08a-5e24-ad7f-b51ddc865934', 'Cardio (HIIT)', 89, '2025-12-23', '9eda12f3-bbb3-4afd-84c3-d05b0c9a8cff'),
('267a7b51-d08a-5e24-ad7f-b51ddc865934', 'Cardio (HIIT)', 54, '2025-12-24', '9eda12f3-bbb3-4afd-84c3-d05b0c9a8cff'),
('267a7b51-d08a-5e24-ad7f-b51ddc865934', 'Elliptical', 79, '2025-12-25', '9eda12f3-bbb3-4afd-84c3-d05b0c9a8cff'),
('267a7b51-d08a-5e24-ad7f-b51ddc865934', 'Other', 76, '2025-12-26', '9eda12f3-bbb3-4afd-84c3-d05b0c9a8cff'),
('267a7b51-d08a-5e24-ad7f-b51ddc865934', 'Meditation', 59, '2025-12-27', '9eda12f3-bbb3-4afd-84c3-d05b0c9a8cff'),
('267a7b51-d08a-5e24-ad7f-b51ddc865934', 'Meditation', 66, '2025-12-30', '9eda12f3-bbb3-4afd-84c3-d05b0c9a8cff'),
('267a7b51-d08a-5e24-ad7f-b51ddc865934', 'Other', 62, '2025-12-31', '9eda12f3-bbb3-4afd-84c3-d05b0c9a8cff'),
('267a7b51-d08a-5e24-ad7f-b51ddc865934', 'Elliptical', 61, '2026-01-01', '9eda12f3-bbb3-4afd-84c3-d05b0c9a8cff'),
('267a7b51-d08a-5e24-ad7f-b51ddc865934', 'Meditation', 59, '2026-01-02', '9eda12f3-bbb3-4afd-84c3-d05b0c9a8cff'),
('267a7b51-d08a-5e24-ad7f-b51ddc865934', 'Cardio (HIIT)', 68, '2026-01-03', '9eda12f3-bbb3-4afd-84c3-d05b0c9a8cff'),
('267a7b51-d08a-5e24-ad7f-b51ddc865934', 'Elliptical', 75, '2026-01-04', '9eda12f3-bbb3-4afd-84c3-d05b0c9a8cff'),
('267a7b51-d08a-5e24-ad7f-b51ddc865934', 'Elliptical', 68, '2026-01-05', '9eda12f3-bbb3-4afd-84c3-d05b0c9a8cff'),
('267a7b51-d08a-5e24-ad7f-b51ddc865934', 'Meditation', 83, '2026-01-06', '9eda12f3-bbb3-4afd-84c3-d05b0c9a8cff'),
('267a7b51-d08a-5e24-ad7f-b51ddc865934', 'Other', 45, '2026-01-07', '9eda12f3-bbb3-4afd-84c3-d05b0c9a8cff'),
('267a7b51-d08a-5e24-ad7f-b51ddc865934', 'Meditation', 61, '2026-01-08', '9eda12f3-bbb3-4afd-84c3-d05b0c9a8cff'),
('267a7b51-d08a-5e24-ad7f-b51ddc865934', 'Cardio (HIIT)', 90, '2026-01-09', '9eda12f3-bbb3-4afd-84c3-d05b0c9a8cff'),
('267a7b51-d08a-5e24-ad7f-b51ddc865934', 'Elliptical', 86, '2026-01-10', '9eda12f3-bbb3-4afd-84c3-d05b0c9a8cff'),
('267a7b51-d08a-5e24-ad7f-b51ddc865934', 'Cardio (HIIT)', 53, '2026-01-11', '9eda12f3-bbb3-4afd-84c3-d05b0c9a8cff'),
('267a7b51-d08a-5e24-ad7f-b51ddc865934', 'Meditation', 75, '2026-01-12', '9eda12f3-bbb3-4afd-84c3-d05b0c9a8cff'),
('267a7b51-d08a-5e24-ad7f-b51ddc865934', 'Hiking', 148, '2026-01-15', '9eda12f3-bbb3-4afd-84c3-d05b0c9a8cff'),
('267a7b51-d08a-5e24-ad7f-b51ddc865934', 'Elliptical', 57, '2026-01-17', '9eda12f3-bbb3-4afd-84c3-d05b0c9a8cff'),
('172a2d00-a31e-56e1-a9a6-bc52920aae6a', 'Pranayam', 67, '2025-12-03', '9eda12f3-bbb3-4afd-84c3-d05b0c9a8cff'),
('172a2d00-a31e-56e1-a9a6-bc52920aae6a', 'Strength Training', 35, '2025-12-05', '9eda12f3-bbb3-4afd-84c3-d05b0c9a8cff'),
('172a2d00-a31e-56e1-a9a6-bc52920aae6a', 'Strength Training', 75, '2025-12-08', '9eda12f3-bbb3-4afd-84c3-d05b0c9a8cff'),
('172a2d00-a31e-56e1-a9a6-bc52920aae6a', 'Pranayam', 72, '2025-12-09', '9eda12f3-bbb3-4afd-84c3-d05b0c9a8cff'),
('172a2d00-a31e-56e1-a9a6-bc52920aae6a', 'Cardio (HIIT)', 66, '2025-12-10', '9eda12f3-bbb3-4afd-84c3-d05b0c9a8cff'),
('172a2d00-a31e-56e1-a9a6-bc52920aae6a', 'Cardio (HIIT)', 71, '2025-12-11', '9eda12f3-bbb3-4afd-84c3-d05b0c9a8cff'),
('172a2d00-a31e-56e1-a9a6-bc52920aae6a', 'Pranayam', 66, '2025-12-12', '9eda12f3-bbb3-4afd-84c3-d05b0c9a8cff'),
('172a2d00-a31e-56e1-a9a6-bc52920aae6a', 'Strength Training', 73, '2025-12-13', '9eda12f3-bbb3-4afd-84c3-d05b0c9a8cff'),
('172a2d00-a31e-56e1-a9a6-bc52920aae6a', 'Strength Training', 37, '2025-12-15', '9eda12f3-bbb3-4afd-84c3-d05b0c9a8cff'),
('172a2d00-a31e-56e1-a9a6-bc52920aae6a', 'Strength Training', 50, '2025-12-16', '9eda12f3-bbb3-4afd-84c3-d05b0c9a8cff'),
('172a2d00-a31e-56e1-a9a6-bc52920aae6a', 'Pranayam', 35, '2025-12-19', '9eda12f3-bbb3-4afd-84c3-d05b0c9a8cff'),
('172a2d00-a31e-56e1-a9a6-bc52920aae6a', 'Cardio (HIIT)', 31, '2025-12-21', '9eda12f3-bbb3-4afd-84c3-d05b0c9a8cff'),
('172a2d00-a31e-56e1-a9a6-bc52920aae6a', 'Running', 70, '2025-12-22', '9eda12f3-bbb3-4afd-84c3-d05b0c9a8cff'),
('172a2d00-a31e-56e1-a9a6-bc52920aae6a', 'Strength Training', 61, '2025-12-23', '9eda12f3-bbb3-4afd-84c3-d05b0c9a8cff'),
('172a2d00-a31e-56e1-a9a6-bc52920aae6a', 'Running', 70, '2025-12-24', '9eda12f3-bbb3-4afd-84c3-d05b0c9a8cff'),
('172a2d00-a31e-56e1-a9a6-bc52920aae6a', 'Strength Training', 68, '2025-12-25', '9eda12f3-bbb3-4afd-84c3-d05b0c9a8cff'),
('172a2d00-a31e-56e1-a9a6-bc52920aae6a', 'Strength Training', 69, '2025-12-26', '9eda12f3-bbb3-4afd-84c3-d05b0c9a8cff'),
('172a2d00-a31e-56e1-a9a6-bc52920aae6a', 'Pranayam', 53, '2025-12-28', '9eda12f3-bbb3-4afd-84c3-d05b0c9a8cff'),
('172a2d00-a31e-56e1-a9a6-bc52920aae6a', 'Cardio (HIIT)', 61, '2025-12-29', '9eda12f3-bbb3-4afd-84c3-d05b0c9a8cff'),
('172a2d00-a31e-56e1-a9a6-bc52920aae6a', 'Pranayam', 48, '2025-12-30', '9eda12f3-bbb3-4afd-84c3-d05b0c9a8cff'),
('172a2d00-a31e-56e1-a9a6-bc52920aae6a', 'Running', 31, '2026-01-01', '9eda12f3-bbb3-4afd-84c3-d05b0c9a8cff'),
('172a2d00-a31e-56e1-a9a6-bc52920aae6a', 'Pranayam', 46, '2026-01-02', '9eda12f3-bbb3-4afd-84c3-d05b0c9a8cff'),
('172a2d00-a31e-56e1-a9a6-bc52920aae6a', 'Strength Training', 33, '2026-01-03', '9eda12f3-bbb3-4afd-84c3-d05b0c9a8cff'),
('172a2d00-a31e-56e1-a9a6-bc52920aae6a', 'Strength Training', 68, '2026-01-04', '9eda12f3-bbb3-4afd-84c3-d05b0c9a8cff'),
('172a2d00-a31e-56e1-a9a6-bc52920aae6a', 'Pranayam', 38, '2026-01-05', '9eda12f3-bbb3-4afd-84c3-d05b0c9a8cff'),
('172a2d00-a31e-56e1-a9a6-bc52920aae6a', 'Strength Training', 48, '2026-01-06', '9eda12f3-bbb3-4afd-84c3-d05b0c9a8cff'),
('172a2d00-a31e-56e1-a9a6-bc52920aae6a', 'Running', 72, '2026-01-07', '9eda12f3-bbb3-4afd-84c3-d05b0c9a8cff'),
('172a2d00-a31e-56e1-a9a6-bc52920aae6a', 'Running', 30, '2026-01-08', '9eda12f3-bbb3-4afd-84c3-d05b0c9a8cff'),
('172a2d00-a31e-56e1-a9a6-bc52920aae6a', 'Cardio (HIIT)', 43, '2026-01-09', '9eda12f3-bbb3-4afd-84c3-d05b0c9a8cff'),
('172a2d00-a31e-56e1-a9a6-bc52920aae6a', 'Cardio (HIIT)', 58, '2026-01-11', '9eda12f3-bbb3-4afd-84c3-d05b0c9a8cff'),
('172a2d00-a31e-56e1-a9a6-bc52920aae6a', 'Pranayam', 70, '2026-01-13', '9eda12f3-bbb3-4afd-84c3-d05b0c9a8cff'),
('172a2d00-a31e-56e1-a9a6-bc52920aae6a', 'Pranayam', 45, '2026-01-15', '9eda12f3-bbb3-4afd-84c3-d05b0c9a8cff'),
('172a2d00-a31e-56e1-a9a6-bc52920aae6a', 'Pranayam', 61, '2026-01-17', '9eda12f3-bbb3-4afd-84c3-d05b0c9a8cff'),
('17114033-ae3e-566f-9a61-8130401c99a8', 'Hiking', 42, '2025-12-01', '9eda12f3-bbb3-4afd-84c3-d05b0c9a8cff'),
('17114033-ae3e-566f-9a61-8130401c99a8', 'Walking', 42, '2025-12-03', '9eda12f3-bbb3-4afd-84c3-d05b0c9a8cff'),
('17114033-ae3e-566f-9a61-8130401c99a8', 'Cardio (HIIT)', 31, '2025-12-05', '9eda12f3-bbb3-4afd-84c3-d05b0c9a8cff'),
('17114033-ae3e-566f-9a61-8130401c99a8', 'Cardio (HIIT)', 73, '2025-12-07', '9eda12f3-bbb3-4afd-84c3-d05b0c9a8cff'),
('17114033-ae3e-566f-9a61-8130401c99a8', 'Cardio (HIIT)', 42, '2025-12-08', '9eda12f3-bbb3-4afd-84c3-d05b0c9a8cff'),
('17114033-ae3e-566f-9a61-8130401c99a8', 'Walking', 74, '2025-12-09', '9eda12f3-bbb3-4afd-84c3-d05b0c9a8cff'),
('17114033-ae3e-566f-9a61-8130401c99a8', 'Cardio (HIIT)', 50, '2025-12-13', '9eda12f3-bbb3-4afd-84c3-d05b0c9a8cff'),
('17114033-ae3e-566f-9a61-8130401c99a8', 'Hiking', 32, '2025-12-15', '9eda12f3-bbb3-4afd-84c3-d05b0c9a8cff'),
('17114033-ae3e-566f-9a61-8130401c99a8', 'Cardio (HIIT)', 61, '2025-12-16', '9eda12f3-bbb3-4afd-84c3-d05b0c9a8cff'),
('17114033-ae3e-566f-9a61-8130401c99a8', 'Cardio (HIIT)', 39, '2025-12-23', '9eda12f3-bbb3-4afd-84c3-d05b0c9a8cff'),
('17114033-ae3e-566f-9a61-8130401c99a8', 'Walking', 30, '2025-12-26', '9eda12f3-bbb3-4afd-84c3-d05b0c9a8cff'),
('17114033-ae3e-566f-9a61-8130401c99a8', 'Cardio (HIIT)', 50, '2025-12-30', '9eda12f3-bbb3-4afd-84c3-d05b0c9a8cff'),
('17114033-ae3e-566f-9a61-8130401c99a8', 'Walking', 71, '2025-12-31', '9eda12f3-bbb3-4afd-84c3-d05b0c9a8cff'),
('17114033-ae3e-566f-9a61-8130401c99a8', 'Hiking', 70, '2026-01-01', '9eda12f3-bbb3-4afd-84c3-d05b0c9a8cff'),
('17114033-ae3e-566f-9a61-8130401c99a8', 'Hiking', 39, '2026-01-02', '9eda12f3-bbb3-4afd-84c3-d05b0c9a8cff'),
('17114033-ae3e-566f-9a61-8130401c99a8', 'Elliptical', 33, '2026-01-03', '9eda12f3-bbb3-4afd-84c3-d05b0c9a8cff'),
('17114033-ae3e-566f-9a61-8130401c99a8', 'Hiking', 32, '2026-01-04', '9eda12f3-bbb3-4afd-84c3-d05b0c9a8cff'),
('17114033-ae3e-566f-9a61-8130401c99a8', 'Elliptical', 57, '2026-01-05', '9eda12f3-bbb3-4afd-84c3-d05b0c9a8cff'),
('17114033-ae3e-566f-9a61-8130401c99a8', 'Cardio (HIIT)', 67, '2026-01-07', '9eda12f3-bbb3-4afd-84c3-d05b0c9a8cff'),
('17114033-ae3e-566f-9a61-8130401c99a8', 'Walking', 59, '2026-01-15', '9eda12f3-bbb3-4afd-84c3-d05b0c9a8cff'),
('f5e5aeb4-3575-55be-8b91-b73fecef60a5', 'Yoga', 64, '2025-12-01', '9eda12f3-bbb3-4afd-84c3-d05b0c9a8cff'),
('f5e5aeb4-3575-55be-8b91-b73fecef60a5', 'Core Training', 65, '2025-12-02', '9eda12f3-bbb3-4afd-84c3-d05b0c9a8cff'),
('f5e5aeb4-3575-55be-8b91-b73fecef60a5', 'Core Training', 56, '2025-12-04', '9eda12f3-bbb3-4afd-84c3-d05b0c9a8cff'),
('f5e5aeb4-3575-55be-8b91-b73fecef60a5', 'Core Training', 52, '2025-12-05', '9eda12f3-bbb3-4afd-84c3-d05b0c9a8cff'),
('f5e5aeb4-3575-55be-8b91-b73fecef60a5', 'Yoga', 66, '2025-12-06', '9eda12f3-bbb3-4afd-84c3-d05b0c9a8cff'),
('f5e5aeb4-3575-55be-8b91-b73fecef60a5', 'Meditation', 52, '2025-12-07', '9eda12f3-bbb3-4afd-84c3-d05b0c9a8cff'),
('f5e5aeb4-3575-55be-8b91-b73fecef60a5', 'Meditation', 46, '2025-12-08', '9eda12f3-bbb3-4afd-84c3-d05b0c9a8cff'),
('f5e5aeb4-3575-55be-8b91-b73fecef60a5', 'Yoga', 69, '2025-12-09', '9eda12f3-bbb3-4afd-84c3-d05b0c9a8cff'),
('f5e5aeb4-3575-55be-8b91-b73fecef60a5', 'Strength Training', 33, '2025-12-09', '9eda12f3-bbb3-4afd-84c3-d05b0c9a8cff'),
('f5e5aeb4-3575-55be-8b91-b73fecef60a5', 'Yoga', 67, '2025-12-10', '9eda12f3-bbb3-4afd-84c3-d05b0c9a8cff'),
('f5e5aeb4-3575-55be-8b91-b73fecef60a5', 'Yoga', 83, '2025-12-12', '9eda12f3-bbb3-4afd-84c3-d05b0c9a8cff'),
('f5e5aeb4-3575-55be-8b91-b73fecef60a5', 'Core Training', 49, '2025-12-14', '9eda12f3-bbb3-4afd-84c3-d05b0c9a8cff'),
('f5e5aeb4-3575-55be-8b91-b73fecef60a5', 'Yoga', 62, '2025-12-16', '9eda12f3-bbb3-4afd-84c3-d05b0c9a8cff'),
('f5e5aeb4-3575-55be-8b91-b73fecef60a5', 'Core Training', 88, '2025-12-17', '9eda12f3-bbb3-4afd-84c3-d05b0c9a8cff'),
('f5e5aeb4-3575-55be-8b91-b73fecef60a5', 'Meditation', 84, '2025-12-18', '9eda12f3-bbb3-4afd-84c3-d05b0c9a8cff'),
('f5e5aeb4-3575-55be-8b91-b73fecef60a5', 'Meditation', 69, '2025-12-19', '9eda12f3-bbb3-4afd-84c3-d05b0c9a8cff'),
('f5e5aeb4-3575-55be-8b91-b73fecef60a5', 'Meditation', 45, '2025-12-20', '9eda12f3-bbb3-4afd-84c3-d05b0c9a8cff'),
('f5e5aeb4-3575-55be-8b91-b73fecef60a5', 'Core Training', 45, '2025-12-21', '9eda12f3-bbb3-4afd-84c3-d05b0c9a8cff'),
('f5e5aeb4-3575-55be-8b91-b73fecef60a5', 'Meditation', 62, '2025-12-22', '9eda12f3-bbb3-4afd-84c3-d05b0c9a8cff'),
('f5e5aeb4-3575-55be-8b91-b73fecef60a5', 'Core Training', 66, '2025-12-23', '9eda12f3-bbb3-4afd-84c3-d05b0c9a8cff'),
('f5e5aeb4-3575-55be-8b91-b73fecef60a5', 'Other', 52, '2025-12-24', '9eda12f3-bbb3-4afd-84c3-d05b0c9a8cff'),
('f5e5aeb4-3575-55be-8b91-b73fecef60a5', 'Core Training', 78, '2025-12-25', '9eda12f3-bbb3-4afd-84c3-d05b0c9a8cff'),
('f5e5aeb4-3575-55be-8b91-b73fecef60a5', 'Core Training', 59, '2025-12-28', '9eda12f3-bbb3-4afd-84c3-d05b0c9a8cff'),
('f5e5aeb4-3575-55be-8b91-b73fecef60a5', 'Meditation', 56, '2025-12-29', '9eda12f3-bbb3-4afd-84c3-d05b0c9a8cff'),
('f5e5aeb4-3575-55be-8b91-b73fecef60a5', 'Other', 79, '2025-12-31', '9eda12f3-bbb3-4afd-84c3-d05b0c9a8cff'),
('f5e5aeb4-3575-55be-8b91-b73fecef60a5', 'Core Training', 79, '2026-01-02', '9eda12f3-bbb3-4afd-84c3-d05b0c9a8cff'),
('f5e5aeb4-3575-55be-8b91-b73fecef60a5', 'Core Training', 47, '2026-01-03', '9eda12f3-bbb3-4afd-84c3-d05b0c9a8cff'),
('f5e5aeb4-3575-55be-8b91-b73fecef60a5', 'Core Training', 88, '2026-01-05', '9eda12f3-bbb3-4afd-84c3-d05b0c9a8cff'),
('f5e5aeb4-3575-55be-8b91-b73fecef60a5', 'Core Training', 72, '2026-01-06', '9eda12f3-bbb3-4afd-84c3-d05b0c9a8cff'),
('f5e5aeb4-3575-55be-8b91-b73fecef60a5', 'Hiking', 52, '2026-01-06', '9eda12f3-bbb3-4afd-84c3-d05b0c9a8cff'),
('f5e5aeb4-3575-55be-8b91-b73fecef60a5', 'Meditation', 67, '2026-01-07', '9eda12f3-bbb3-4afd-84c3-d05b0c9a8cff'),
('f5e5aeb4-3575-55be-8b91-b73fecef60a5', 'Other', 58, '2026-01-08', '9eda12f3-bbb3-4afd-84c3-d05b0c9a8cff'),
('f5e5aeb4-3575-55be-8b91-b73fecef60a5', 'Meditation', 81, '2026-01-09', '9eda12f3-bbb3-4afd-84c3-d05b0c9a8cff'),
('f5e5aeb4-3575-55be-8b91-b73fecef60a5', 'Core Training', 71, '2026-01-10', '9eda12f3-bbb3-4afd-84c3-d05b0c9a8cff'),
('f5e5aeb4-3575-55be-8b91-b73fecef60a5', 'Core Training', 50, '2026-01-11', '9eda12f3-bbb3-4afd-84c3-d05b0c9a8cff'),
('f5e5aeb4-3575-55be-8b91-b73fecef60a5', 'Core Training', 54, '2026-01-12', '9eda12f3-bbb3-4afd-84c3-d05b0c9a8cff'),
('f5e5aeb4-3575-55be-8b91-b73fecef60a5', 'Other', 75, '2026-01-13', '9eda12f3-bbb3-4afd-84c3-d05b0c9a8cff'),
('f5e5aeb4-3575-55be-8b91-b73fecef60a5', 'Meditation', 62, '2026-01-14', '9eda12f3-bbb3-4afd-84c3-d05b0c9a8cff'),
('f5e5aeb4-3575-55be-8b91-b73fecef60a5', 'Other', 50, '2026-01-15', '9eda12f3-bbb3-4afd-84c3-d05b0c9a8cff'),
('f5e5aeb4-3575-55be-8b91-b73fecef60a5', 'Other', 77, '2026-01-16', '9eda12f3-bbb3-4afd-84c3-d05b0c9a8cff'),
('f5e5aeb4-3575-55be-8b91-b73fecef60a5', 'Core Training', 73, '2026-01-17', '9eda12f3-bbb3-4afd-84c3-d05b0c9a8cff'),
('675b2f70-6eb4-55e9-aa63-08398c020e0c', 'Cardio (HIIT)', 37, '2025-12-03', '9eda12f3-bbb3-4afd-84c3-d05b0c9a8cff'),
('675b2f70-6eb4-55e9-aa63-08398c020e0c', 'Cardio (HIIT)', 20, '2025-12-04', '9eda12f3-bbb3-4afd-84c3-d05b0c9a8cff'),
('675b2f70-6eb4-55e9-aa63-08398c020e0c', 'Swimming', 22, '2025-12-05', '9eda12f3-bbb3-4afd-84c3-d05b0c9a8cff'),
('675b2f70-6eb4-55e9-aa63-08398c020e0c', 'Sports', 40, '2025-12-09', '9eda12f3-bbb3-4afd-84c3-d05b0c9a8cff'),
('675b2f70-6eb4-55e9-aa63-08398c020e0c', 'Cardio (HIIT)', 40, '2025-12-10', '9eda12f3-bbb3-4afd-84c3-d05b0c9a8cff'),
('675b2f70-6eb4-55e9-aa63-08398c020e0c', 'Core Training', 38, '2025-12-13', '9eda12f3-bbb3-4afd-84c3-d05b0c9a8cff'),
('675b2f70-6eb4-55e9-aa63-08398c020e0c', 'Core Training', 24, '2025-12-14', '9eda12f3-bbb3-4afd-84c3-d05b0c9a8cff'),
('675b2f70-6eb4-55e9-aa63-08398c020e0c', 'Swimming', 23, '2025-12-17', '9eda12f3-bbb3-4afd-84c3-d05b0c9a8cff'),
('675b2f70-6eb4-55e9-aa63-08398c020e0c', 'Sports', 40, '2025-12-20', '9eda12f3-bbb3-4afd-84c3-d05b0c9a8cff'),
('675b2f70-6eb4-55e9-aa63-08398c020e0c', 'Swimming', 23, '2025-12-21', '9eda12f3-bbb3-4afd-84c3-d05b0c9a8cff'),
('675b2f70-6eb4-55e9-aa63-08398c020e0c', 'Core Training', 31, '2025-12-25', '9eda12f3-bbb3-4afd-84c3-d05b0c9a8cff'),
('675b2f70-6eb4-55e9-aa63-08398c020e0c', 'Swimming', 28, '2025-12-26', '9eda12f3-bbb3-4afd-84c3-d05b0c9a8cff'),
('675b2f70-6eb4-55e9-aa63-08398c020e0c', 'Swimming', 26, '2025-12-27', '9eda12f3-bbb3-4afd-84c3-d05b0c9a8cff'),
('675b2f70-6eb4-55e9-aa63-08398c020e0c', 'Core Training', 20, '2025-12-29', '9eda12f3-bbb3-4afd-84c3-d05b0c9a8cff'),
('675b2f70-6eb4-55e9-aa63-08398c020e0c', 'Cardio (HIIT)', 33, '2026-01-03', '9eda12f3-bbb3-4afd-84c3-d05b0c9a8cff'),
('675b2f70-6eb4-55e9-aa63-08398c020e0c', 'Sports', 37, '2026-01-07', '9eda12f3-bbb3-4afd-84c3-d05b0c9a8cff'),
('675b2f70-6eb4-55e9-aa63-08398c020e0c', 'Cardio (HIIT)', 40, '2026-01-10', '9eda12f3-bbb3-4afd-84c3-d05b0c9a8cff'),
('675b2f70-6eb4-55e9-aa63-08398c020e0c', 'Walking', 10, '2026-01-11', '9eda12f3-bbb3-4afd-84c3-d05b0c9a8cff'),
('675b2f70-6eb4-55e9-aa63-08398c020e0c', 'Cardio (HIIT)', 23, '2026-01-12', '9eda12f3-bbb3-4afd-84c3-d05b0c9a8cff'),
('675b2f70-6eb4-55e9-aa63-08398c020e0c', 'Core Training', 42, '2026-01-13', '9eda12f3-bbb3-4afd-84c3-d05b0c9a8cff'),
('675b2f70-6eb4-55e9-aa63-08398c020e0c', 'Cardio (HIIT)', 33, '2026-01-16', '9eda12f3-bbb3-4afd-84c3-d05b0c9a8cff'),
('165b598e-8deb-5d2a-9ebc-f91770cfc862', 'Yoga', 44, '2025-12-01', '9eda12f3-bbb3-4afd-84c3-d05b0c9a8cff'),
('165b598e-8deb-5d2a-9ebc-f91770cfc862', 'Yoga', 58, '2025-12-03', '9eda12f3-bbb3-4afd-84c3-d05b0c9a8cff'),
('165b598e-8deb-5d2a-9ebc-f91770cfc862', 'Elliptical', 40, '2025-12-06', '9eda12f3-bbb3-4afd-84c3-d05b0c9a8cff'),
('165b598e-8deb-5d2a-9ebc-f91770cfc862', 'Cycling', 32, '2025-12-08', '9eda12f3-bbb3-4afd-84c3-d05b0c9a8cff'),
('165b598e-8deb-5d2a-9ebc-f91770cfc862', 'Yoga', 41, '2025-12-09', '9eda12f3-bbb3-4afd-84c3-d05b0c9a8cff'),
('165b598e-8deb-5d2a-9ebc-f91770cfc862', 'Elliptical', 56, '2025-12-10', '9eda12f3-bbb3-4afd-84c3-d05b0c9a8cff'),
('165b598e-8deb-5d2a-9ebc-f91770cfc862', 'Yoga', 71, '2025-12-12', '9eda12f3-bbb3-4afd-84c3-d05b0c9a8cff'),
('165b598e-8deb-5d2a-9ebc-f91770cfc862', 'Elliptical', 67, '2025-12-13', '9eda12f3-bbb3-4afd-84c3-d05b0c9a8cff'),
('165b598e-8deb-5d2a-9ebc-f91770cfc862', 'Elliptical', 65, '2025-12-14', '9eda12f3-bbb3-4afd-84c3-d05b0c9a8cff'),
('165b598e-8deb-5d2a-9ebc-f91770cfc862', 'Cycling', 30, '2025-12-15', '9eda12f3-bbb3-4afd-84c3-d05b0c9a8cff'),
('165b598e-8deb-5d2a-9ebc-f91770cfc862', 'Elliptical', 75, '2025-12-18', '9eda12f3-bbb3-4afd-84c3-d05b0c9a8cff'),
('165b598e-8deb-5d2a-9ebc-f91770cfc862', 'Other', 33, '2025-12-21', '9eda12f3-bbb3-4afd-84c3-d05b0c9a8cff'),
('165b598e-8deb-5d2a-9ebc-f91770cfc862', 'Yoga', 75, '2025-12-22', '9eda12f3-bbb3-4afd-84c3-d05b0c9a8cff'),
('165b598e-8deb-5d2a-9ebc-f91770cfc862', 'Other', 58, '2025-12-23', '9eda12f3-bbb3-4afd-84c3-d05b0c9a8cff'),
('165b598e-8deb-5d2a-9ebc-f91770cfc862', 'Yoga', 46, '2025-12-24', '9eda12f3-bbb3-4afd-84c3-d05b0c9a8cff'),
('165b598e-8deb-5d2a-9ebc-f91770cfc862', 'Elliptical', 68, '2025-12-25', '9eda12f3-bbb3-4afd-84c3-d05b0c9a8cff'),
('165b598e-8deb-5d2a-9ebc-f91770cfc862', 'Yoga', 46, '2025-12-26', '9eda12f3-bbb3-4afd-84c3-d05b0c9a8cff'),
('165b598e-8deb-5d2a-9ebc-f91770cfc862', 'Yoga', 75, '2025-12-27', '9eda12f3-bbb3-4afd-84c3-d05b0c9a8cff'),
('165b598e-8deb-5d2a-9ebc-f91770cfc862', 'Other', 35, '2025-12-28', '9eda12f3-bbb3-4afd-84c3-d05b0c9a8cff'),
('165b598e-8deb-5d2a-9ebc-f91770cfc862', 'Other', 42, '2025-12-29', '9eda12f3-bbb3-4afd-84c3-d05b0c9a8cff'),
('165b598e-8deb-5d2a-9ebc-f91770cfc862', 'Yoga', 40, '2025-12-30', '9eda12f3-bbb3-4afd-84c3-d05b0c9a8cff'),
('165b598e-8deb-5d2a-9ebc-f91770cfc862', 'Yoga', 70, '2025-12-31', '9eda12f3-bbb3-4afd-84c3-d05b0c9a8cff'),
('165b598e-8deb-5d2a-9ebc-f91770cfc862', 'Other', 48, '2026-01-01', '9eda12f3-bbb3-4afd-84c3-d05b0c9a8cff'),
('165b598e-8deb-5d2a-9ebc-f91770cfc862', 'Elliptical', 50, '2026-01-03', '9eda12f3-bbb3-4afd-84c3-d05b0c9a8cff'),
('165b598e-8deb-5d2a-9ebc-f91770cfc862', 'Yoga', 32, '2026-01-04', '9eda12f3-bbb3-4afd-84c3-d05b0c9a8cff'),
('165b598e-8deb-5d2a-9ebc-f91770cfc862', 'Cycling', 52, '2026-01-06', '9eda12f3-bbb3-4afd-84c3-d05b0c9a8cff'),
('165b598e-8deb-5d2a-9ebc-f91770cfc862', 'Cycling', 73, '2026-01-07', '9eda12f3-bbb3-4afd-84c3-d05b0c9a8cff'),
('165b598e-8deb-5d2a-9ebc-f91770cfc862', 'Other', 47, '2026-01-08', '9eda12f3-bbb3-4afd-84c3-d05b0c9a8cff'),
('165b598e-8deb-5d2a-9ebc-f91770cfc862', 'Elliptical', 38, '2026-01-10', '9eda12f3-bbb3-4afd-84c3-d05b0c9a8cff'),
('165b598e-8deb-5d2a-9ebc-f91770cfc862', 'Yoga', 43, '2026-01-13', '9eda12f3-bbb3-4afd-84c3-d05b0c9a8cff'),
('165b598e-8deb-5d2a-9ebc-f91770cfc862', 'Yoga', 63, '2026-01-14', '9eda12f3-bbb3-4afd-84c3-d05b0c9a8cff'),
('165b598e-8deb-5d2a-9ebc-f91770cfc862', 'Cycling', 62, '2026-01-15', '9eda12f3-bbb3-4afd-84c3-d05b0c9a8cff'),
('165b598e-8deb-5d2a-9ebc-f91770cfc862', 'Yoga', 65, '2026-01-16', '9eda12f3-bbb3-4afd-84c3-d05b0c9a8cff'),
('77f5cab0-13cb-5ea1-8cd1-45792f9ff3e3', 'Elliptical', 74, '2025-12-02', '9eda12f3-bbb3-4afd-84c3-d05b0c9a8cff'),
('77f5cab0-13cb-5ea1-8cd1-45792f9ff3e3', 'Strength Training', 49, '2025-12-04', '9eda12f3-bbb3-4afd-84c3-d05b0c9a8cff'),
('77f5cab0-13cb-5ea1-8cd1-45792f9ff3e3', 'Dancing', 64, '2025-12-06', '9eda12f3-bbb3-4afd-84c3-d05b0c9a8cff'),
('77f5cab0-13cb-5ea1-8cd1-45792f9ff3e3', 'Dancing', 70, '2025-12-09', '9eda12f3-bbb3-4afd-84c3-d05b0c9a8cff'),
('77f5cab0-13cb-5ea1-8cd1-45792f9ff3e3', 'Dancing', 50, '2025-12-13', '9eda12f3-bbb3-4afd-84c3-d05b0c9a8cff'),
('77f5cab0-13cb-5ea1-8cd1-45792f9ff3e3', 'Sports', 48, '2025-12-15', '9eda12f3-bbb3-4afd-84c3-d05b0c9a8cff'),
('77f5cab0-13cb-5ea1-8cd1-45792f9ff3e3', 'Sports', 58, '2025-12-16', '9eda12f3-bbb3-4afd-84c3-d05b0c9a8cff'),
('77f5cab0-13cb-5ea1-8cd1-45792f9ff3e3', 'Sports', 73, '2025-12-17', '9eda12f3-bbb3-4afd-84c3-d05b0c9a8cff'),
('77f5cab0-13cb-5ea1-8cd1-45792f9ff3e3', 'Dancing', 73, '2025-12-18', '9eda12f3-bbb3-4afd-84c3-d05b0c9a8cff'),
('77f5cab0-13cb-5ea1-8cd1-45792f9ff3e3', 'Sports', 30, '2025-12-21', '9eda12f3-bbb3-4afd-84c3-d05b0c9a8cff'),
('77f5cab0-13cb-5ea1-8cd1-45792f9ff3e3', 'Dancing', 48, '2025-12-22', '9eda12f3-bbb3-4afd-84c3-d05b0c9a8cff'),
('77f5cab0-13cb-5ea1-8cd1-45792f9ff3e3', 'Sports', 48, '2025-12-23', '9eda12f3-bbb3-4afd-84c3-d05b0c9a8cff'),
('77f5cab0-13cb-5ea1-8cd1-45792f9ff3e3', 'Sports', 52, '2025-12-24', '9eda12f3-bbb3-4afd-84c3-d05b0c9a8cff'),
('77f5cab0-13cb-5ea1-8cd1-45792f9ff3e3', 'Dancing', 64, '2025-12-25', '9eda12f3-bbb3-4afd-84c3-d05b0c9a8cff'),
('77f5cab0-13cb-5ea1-8cd1-45792f9ff3e3', 'Elliptical', 62, '2025-12-26', '9eda12f3-bbb3-4afd-84c3-d05b0c9a8cff'),
('77f5cab0-13cb-5ea1-8cd1-45792f9ff3e3', 'Elliptical', 67, '2025-12-27', '9eda12f3-bbb3-4afd-84c3-d05b0c9a8cff'),
('77f5cab0-13cb-5ea1-8cd1-45792f9ff3e3', 'Sports', 68, '2025-12-29', '9eda12f3-bbb3-4afd-84c3-d05b0c9a8cff'),
('77f5cab0-13cb-5ea1-8cd1-45792f9ff3e3', 'Dancing', 45, '2026-01-02', '9eda12f3-bbb3-4afd-84c3-d05b0c9a8cff'),
('77f5cab0-13cb-5ea1-8cd1-45792f9ff3e3', 'Sports', 54, '2026-01-04', '9eda12f3-bbb3-4afd-84c3-d05b0c9a8cff'),
('77f5cab0-13cb-5ea1-8cd1-45792f9ff3e3', 'Dancing', 49, '2026-01-05', '9eda12f3-bbb3-4afd-84c3-d05b0c9a8cff'),
('77f5cab0-13cb-5ea1-8cd1-45792f9ff3e3', 'Sports', 72, '2026-01-06', '9eda12f3-bbb3-4afd-84c3-d05b0c9a8cff'),
('77f5cab0-13cb-5ea1-8cd1-45792f9ff3e3', 'Elliptical', 58, '2026-01-07', '9eda12f3-bbb3-4afd-84c3-d05b0c9a8cff'),
('77f5cab0-13cb-5ea1-8cd1-45792f9ff3e3', 'Elliptical', 39, '2026-01-08', '9eda12f3-bbb3-4afd-84c3-d05b0c9a8cff'),
('77f5cab0-13cb-5ea1-8cd1-45792f9ff3e3', 'Elliptical', 52, '2026-01-10', '9eda12f3-bbb3-4afd-84c3-d05b0c9a8cff'),
('77f5cab0-13cb-5ea1-8cd1-45792f9ff3e3', 'Elliptical', 71, '2026-01-11', '9eda12f3-bbb3-4afd-84c3-d05b0c9a8cff'),
('77f5cab0-13cb-5ea1-8cd1-45792f9ff3e3', 'Sports', 44, '2026-01-12', '9eda12f3-bbb3-4afd-84c3-d05b0c9a8cff'),
('77f5cab0-13cb-5ea1-8cd1-45792f9ff3e3', 'Dancing', 63, '2026-01-15', '9eda12f3-bbb3-4afd-84c3-d05b0c9a8cff'),
('77f5cab0-13cb-5ea1-8cd1-45792f9ff3e3', 'Dancing', 66, '2026-01-16', '9eda12f3-bbb3-4afd-84c3-d05b0c9a8cff'),
('77f5cab0-13cb-5ea1-8cd1-45792f9ff3e3', 'Dancing', 55, '2026-01-17', '9eda12f3-bbb3-4afd-84c3-d05b0c9a8cff'),
('95699163-008e-5e54-a36d-5877c077e3eb', 'Strength Training', 88, '2025-12-01', '9eda12f3-bbb3-4afd-84c3-d05b0c9a8cff'),
('95699163-008e-5e54-a36d-5877c077e3eb', 'Hiking', 83, '2025-12-02', '9eda12f3-bbb3-4afd-84c3-d05b0c9a8cff'),
('95699163-008e-5e54-a36d-5877c077e3eb', 'Hiking', 76, '2025-12-03', '9eda12f3-bbb3-4afd-84c3-d05b0c9a8cff'),
('95699163-008e-5e54-a36d-5877c077e3eb', 'Cycling', 86, '2025-12-04', '9eda12f3-bbb3-4afd-84c3-d05b0c9a8cff'),
('95699163-008e-5e54-a36d-5877c077e3eb', 'Cycling', 61, '2025-12-05', '9eda12f3-bbb3-4afd-84c3-d05b0c9a8cff'),
('95699163-008e-5e54-a36d-5877c077e3eb', 'Other', 69, '2025-12-06', '9eda12f3-bbb3-4afd-84c3-d05b0c9a8cff'),
('95699163-008e-5e54-a36d-5877c077e3eb', 'Cycling', 65, '2025-12-07', '9eda12f3-bbb3-4afd-84c3-d05b0c9a8cff'),
('95699163-008e-5e54-a36d-5877c077e3eb', 'Hiking', 84, '2025-12-08', '9eda12f3-bbb3-4afd-84c3-d05b0c9a8cff'),
('95699163-008e-5e54-a36d-5877c077e3eb', 'Hiking', 54, '2025-12-09', '9eda12f3-bbb3-4afd-84c3-d05b0c9a8cff'),
('95699163-008e-5e54-a36d-5877c077e3eb', 'Other', 88, '2025-12-10', '9eda12f3-bbb3-4afd-84c3-d05b0c9a8cff'),
('95699163-008e-5e54-a36d-5877c077e3eb', 'Cycling', 67, '2025-12-11', '9eda12f3-bbb3-4afd-84c3-d05b0c9a8cff'),
('95699163-008e-5e54-a36d-5877c077e3eb', 'Cycling', 68, '2025-12-12', '9eda12f3-bbb3-4afd-84c3-d05b0c9a8cff'),
('95699163-008e-5e54-a36d-5877c077e3eb', 'Hiking', 78, '2025-12-13', '9eda12f3-bbb3-4afd-84c3-d05b0c9a8cff'),
('95699163-008e-5e54-a36d-5877c077e3eb', 'Elliptical', 28, '2025-12-13', '9eda12f3-bbb3-4afd-84c3-d05b0c9a8cff'),
('95699163-008e-5e54-a36d-5877c077e3eb', 'Strength Training', 76, '2025-12-14', '9eda12f3-bbb3-4afd-84c3-d05b0c9a8cff'),
('95699163-008e-5e54-a36d-5877c077e3eb', 'Other', 74, '2025-12-15', '9eda12f3-bbb3-4afd-84c3-d05b0c9a8cff'),
('95699163-008e-5e54-a36d-5877c077e3eb', 'Cycling', 46, '2025-12-16', '9eda12f3-bbb3-4afd-84c3-d05b0c9a8cff'),
('95699163-008e-5e54-a36d-5877c077e3eb', 'Other', 60, '2025-12-18', '9eda12f3-bbb3-4afd-84c3-d05b0c9a8cff'),
('95699163-008e-5e54-a36d-5877c077e3eb', 'Other', 76, '2025-12-20', '9eda12f3-bbb3-4afd-84c3-d05b0c9a8cff'),
('95699163-008e-5e54-a36d-5877c077e3eb', 'Hiking', 84, '2025-12-22', '9eda12f3-bbb3-4afd-84c3-d05b0c9a8cff'),
('95699163-008e-5e54-a36d-5877c077e3eb', 'Cycling', 46, '2025-12-23', '9eda12f3-bbb3-4afd-84c3-d05b0c9a8cff'),
('95699163-008e-5e54-a36d-5877c077e3eb', 'Other', 68, '2025-12-24', '9eda12f3-bbb3-4afd-84c3-d05b0c9a8cff'),
('95699163-008e-5e54-a36d-5877c077e3eb', 'Walking', 53, '2025-12-24', '9eda12f3-bbb3-4afd-84c3-d05b0c9a8cff'),
('95699163-008e-5e54-a36d-5877c077e3eb', 'Cycling', 72, '2025-12-25', '9eda12f3-bbb3-4afd-84c3-d05b0c9a8cff'),
('95699163-008e-5e54-a36d-5877c077e3eb', 'Strength Training', 78, '2025-12-26', '9eda12f3-bbb3-4afd-84c3-d05b0c9a8cff'),
('95699163-008e-5e54-a36d-5877c077e3eb', 'Hiking', 73, '2025-12-27', '9eda12f3-bbb3-4afd-84c3-d05b0c9a8cff'),
('95699163-008e-5e54-a36d-5877c077e3eb', 'Other', 80, '2025-12-28', '9eda12f3-bbb3-4afd-84c3-d05b0c9a8cff'),
('95699163-008e-5e54-a36d-5877c077e3eb', 'Cycling', 76, '2025-12-29', '9eda12f3-bbb3-4afd-84c3-d05b0c9a8cff'),
('95699163-008e-5e54-a36d-5877c077e3eb', 'Hiking', 73, '2025-12-30', '9eda12f3-bbb3-4afd-84c3-d05b0c9a8cff'),
('95699163-008e-5e54-a36d-5877c077e3eb', 'Strength Training', 80, '2025-12-31', '9eda12f3-bbb3-4afd-84c3-d05b0c9a8cff'),
('95699163-008e-5e54-a36d-5877c077e3eb', 'Other', 64, '2026-01-01', '9eda12f3-bbb3-4afd-84c3-d05b0c9a8cff'),
('95699163-008e-5e54-a36d-5877c077e3eb', 'Cycling', 86, '2026-01-02', '9eda12f3-bbb3-4afd-84c3-d05b0c9a8cff'),
('95699163-008e-5e54-a36d-5877c077e3eb', 'Strength Training', 69, '2026-01-03', '9eda12f3-bbb3-4afd-84c3-d05b0c9a8cff'),
('95699163-008e-5e54-a36d-5877c077e3eb', 'Hiking', 85, '2026-01-04', '9eda12f3-bbb3-4afd-84c3-d05b0c9a8cff'),
('95699163-008e-5e54-a36d-5877c077e3eb', 'Cycling', 88, '2026-01-05', '9eda12f3-bbb3-4afd-84c3-d05b0c9a8cff'),
('95699163-008e-5e54-a36d-5877c077e3eb', 'Cycling', 48, '2026-01-06', '9eda12f3-bbb3-4afd-84c3-d05b0c9a8cff'),
('95699163-008e-5e54-a36d-5877c077e3eb', 'Hiking', 65, '2026-01-07', '9eda12f3-bbb3-4afd-84c3-d05b0c9a8cff'),
('95699163-008e-5e54-a36d-5877c077e3eb', 'Strength Training', 81, '2026-01-08', '9eda12f3-bbb3-4afd-84c3-d05b0c9a8cff'),
('95699163-008e-5e54-a36d-5877c077e3eb', 'Hiking', 49, '2026-01-10', '9eda12f3-bbb3-4afd-84c3-d05b0c9a8cff'),
('95699163-008e-5e54-a36d-5877c077e3eb', 'Other', 61, '2026-01-11', '9eda12f3-bbb3-4afd-84c3-d05b0c9a8cff'),
('95699163-008e-5e54-a36d-5877c077e3eb', 'Strength Training', 79, '2026-01-12', '9eda12f3-bbb3-4afd-84c3-d05b0c9a8cff'),
('95699163-008e-5e54-a36d-5877c077e3eb', 'Cycling', 90, '2026-01-13', '9eda12f3-bbb3-4afd-84c3-d05b0c9a8cff'),
('95699163-008e-5e54-a36d-5877c077e3eb', 'Cycling', 81, '2026-01-14', '9eda12f3-bbb3-4afd-84c3-d05b0c9a8cff'),
('95699163-008e-5e54-a36d-5877c077e3eb', 'Hiking', 77, '2026-01-15', '9eda12f3-bbb3-4afd-84c3-d05b0c9a8cff'),
('95699163-008e-5e54-a36d-5877c077e3eb', 'Hiking', 49, '2026-01-17', '9eda12f3-bbb3-4afd-84c3-d05b0c9a8cff');

COMMIT;