-- Seed data for test program and logs (including daily_health_logs)
BEGIN;

-- Clear existing test data (in reverse order of dependencies)

-- First, clear all programs created by test members (including test program and any others)
-- This handles workout_logs, daily_health_logs, program_workouts, program_invites, program_memberships via CASCADE
DELETE FROM workout_logs WHERE program_id IN (
  SELECT id FROM programs WHERE created_by IN (
    '0a1b2c3d-4e5f-6071-8192-a3b4c5d6e7f1',
    '0a1b2c3d-4e5f-6071-8192-a3b4c5d6e7f2',
    '0a1b2c3d-4e5f-6071-8192-a3b4c5d6e7f3',
    '0a1b2c3d-4e5f-6071-8192-a3b4c5d6e7f4',
    '0a1b2c3d-4e5f-6071-8192-a3b4c5d6e7f5',
    '0a1b2c3d-4e5f-6071-8192-a3b4c5d6e7f6',
    '0a1b2c3d-4e5f-6071-8192-a3b4c5d6e7f7',
    '0a1b2c3d-4e5f-6071-8192-a3b4c5d6e7f8',
    '0a1b2c3d-4e5f-6071-8192-a3b4c5d6e7f9',
    '0a1b2c3d-4e5f-6071-8192-a3b4c5d6e7fa'
  )
);
DELETE FROM daily_health_logs WHERE program_id IN (
  SELECT id FROM programs WHERE created_by IN (
    '0a1b2c3d-4e5f-6071-8192-a3b4c5d6e7f1',
    '0a1b2c3d-4e5f-6071-8192-a3b4c5d6e7f2',
    '0a1b2c3d-4e5f-6071-8192-a3b4c5d6e7f3',
    '0a1b2c3d-4e5f-6071-8192-a3b4c5d6e7f4',
    '0a1b2c3d-4e5f-6071-8192-a3b4c5d6e7f5',
    '0a1b2c3d-4e5f-6071-8192-a3b4c5d6e7f6',
    '0a1b2c3d-4e5f-6071-8192-a3b4c5d6e7f7',
    '0a1b2c3d-4e5f-6071-8192-a3b4c5d6e7f8',
    '0a1b2c3d-4e5f-6071-8192-a3b4c5d6e7f9',
    '0a1b2c3d-4e5f-6071-8192-a3b4c5d6e7fa'
  )
);
DELETE FROM program_workouts WHERE program_id IN (
  SELECT id FROM programs WHERE created_by IN (
    '0a1b2c3d-4e5f-6071-8192-a3b4c5d6e7f1',
    '0a1b2c3d-4e5f-6071-8192-a3b4c5d6e7f2',
    '0a1b2c3d-4e5f-6071-8192-a3b4c5d6e7f3',
    '0a1b2c3d-4e5f-6071-8192-a3b4c5d6e7f4',
    '0a1b2c3d-4e5f-6071-8192-a3b4c5d6e7f5',
    '0a1b2c3d-4e5f-6071-8192-a3b4c5d6e7f6',
    '0a1b2c3d-4e5f-6071-8192-a3b4c5d6e7f7',
    '0a1b2c3d-4e5f-6071-8192-a3b4c5d6e7f8',
    '0a1b2c3d-4e5f-6071-8192-a3b4c5d6e7f9',
    '0a1b2c3d-4e5f-6071-8192-a3b4c5d6e7fa'
  )
);
DELETE FROM program_invites WHERE program_id IN (
  SELECT id FROM programs WHERE created_by IN (
    '0a1b2c3d-4e5f-6071-8192-a3b4c5d6e7f1',
    '0a1b2c3d-4e5f-6071-8192-a3b4c5d6e7f2',
    '0a1b2c3d-4e5f-6071-8192-a3b4c5d6e7f3',
    '0a1b2c3d-4e5f-6071-8192-a3b4c5d6e7f4',
    '0a1b2c3d-4e5f-6071-8192-a3b4c5d6e7f5',
    '0a1b2c3d-4e5f-6071-8192-a3b4c5d6e7f6',
    '0a1b2c3d-4e5f-6071-8192-a3b4c5d6e7f7',
    '0a1b2c3d-4e5f-6071-8192-a3b4c5d6e7f8',
    '0a1b2c3d-4e5f-6071-8192-a3b4c5d6e7f9',
    '0a1b2c3d-4e5f-6071-8192-a3b4c5d6e7fa'
  )
);
DELETE FROM program_memberships WHERE program_id IN (
  SELECT id FROM programs WHERE created_by IN (
    '0a1b2c3d-4e5f-6071-8192-a3b4c5d6e7f1',
    '0a1b2c3d-4e5f-6071-8192-a3b4c5d6e7f2',
    '0a1b2c3d-4e5f-6071-8192-a3b4c5d6e7f3',
    '0a1b2c3d-4e5f-6071-8192-a3b4c5d6e7f4',
    '0a1b2c3d-4e5f-6071-8192-a3b4c5d6e7f5',
    '0a1b2c3d-4e5f-6071-8192-a3b4c5d6e7f6',
    '0a1b2c3d-4e5f-6071-8192-a3b4c5d6e7f7',
    '0a1b2c3d-4e5f-6071-8192-a3b4c5d6e7f8',
    '0a1b2c3d-4e5f-6071-8192-a3b4c5d6e7f9',
    '0a1b2c3d-4e5f-6071-8192-a3b4c5d6e7fa'
  )
);
DELETE FROM programs WHERE created_by IN (
  '0a1b2c3d-4e5f-6071-8192-a3b4c5d6e7f1',
  '0a1b2c3d-4e5f-6071-8192-a3b4c5d6e7f2',
  '0a1b2c3d-4e5f-6071-8192-a3b4c5d6e7f3',
  '0a1b2c3d-4e5f-6071-8192-a3b4c5d6e7f4',
  '0a1b2c3d-4e5f-6071-8192-a3b4c5d6e7f5',
  '0a1b2c3d-4e5f-6071-8192-a3b4c5d6e7f6',
  '0a1b2c3d-4e5f-6071-8192-a3b4c5d6e7f7',
  '0a1b2c3d-4e5f-6071-8192-a3b4c5d6e7f8',
  '0a1b2c3d-4e5f-6071-8192-a3b4c5d6e7f9',
  '0a1b2c3d-4e5f-6071-8192-a3b4c5d6e7fa'
);

-- Also clear any program memberships where test members are participants (but not creators)
DELETE FROM workout_logs WHERE member_id IN (
  '0a1b2c3d-4e5f-6071-8192-a3b4c5d6e7f1',
  '0a1b2c3d-4e5f-6071-8192-a3b4c5d6e7f2',
  '0a1b2c3d-4e5f-6071-8192-a3b4c5d6e7f3',
  '0a1b2c3d-4e5f-6071-8192-a3b4c5d6e7f4',
  '0a1b2c3d-4e5f-6071-8192-a3b4c5d6e7f5',
  '0a1b2c3d-4e5f-6071-8192-a3b4c5d6e7f6',
  '0a1b2c3d-4e5f-6071-8192-a3b4c5d6e7f7',
  '0a1b2c3d-4e5f-6071-8192-a3b4c5d6e7f8',
  '0a1b2c3d-4e5f-6071-8192-a3b4c5d6e7f9',
  '0a1b2c3d-4e5f-6071-8192-a3b4c5d6e7fa'
);
DELETE FROM daily_health_logs WHERE member_id IN (
  '0a1b2c3d-4e5f-6071-8192-a3b4c5d6e7f1',
  '0a1b2c3d-4e5f-6071-8192-a3b4c5d6e7f2',
  '0a1b2c3d-4e5f-6071-8192-a3b4c5d6e7f3',
  '0a1b2c3d-4e5f-6071-8192-a3b4c5d6e7f4',
  '0a1b2c3d-4e5f-6071-8192-a3b4c5d6e7f5',
  '0a1b2c3d-4e5f-6071-8192-a3b4c5d6e7f6',
  '0a1b2c3d-4e5f-6071-8192-a3b4c5d6e7f7',
  '0a1b2c3d-4e5f-6071-8192-a3b4c5d6e7f8',
  '0a1b2c3d-4e5f-6071-8192-a3b4c5d6e7f9',
  '0a1b2c3d-4e5f-6071-8192-a3b4c5d6e7fa'
);
DELETE FROM program_memberships WHERE member_id IN (
  '0a1b2c3d-4e5f-6071-8192-a3b4c5d6e7f1',
  '0a1b2c3d-4e5f-6071-8192-a3b4c5d6e7f2',
  '0a1b2c3d-4e5f-6071-8192-a3b4c5d6e7f3',
  '0a1b2c3d-4e5f-6071-8192-a3b4c5d6e7f4',
  '0a1b2c3d-4e5f-6071-8192-a3b4c5d6e7f5',
  '0a1b2c3d-4e5f-6071-8192-a3b4c5d6e7f6',
  '0a1b2c3d-4e5f-6071-8192-a3b4c5d6e7f7',
  '0a1b2c3d-4e5f-6071-8192-a3b4c5d6e7f8',
  '0a1b2c3d-4e5f-6071-8192-a3b4c5d6e7f9',
  '0a1b2c3d-4e5f-6071-8192-a3b4c5d6e7fa'
);
DELETE FROM program_invites WHERE invited_by IN (
  '0a1b2c3d-4e5f-6071-8192-a3b4c5d6e7f1',
  '0a1b2c3d-4e5f-6071-8192-a3b4c5d6e7f2',
  '0a1b2c3d-4e5f-6071-8192-a3b4c5d6e7f3',
  '0a1b2c3d-4e5f-6071-8192-a3b4c5d6e7f4',
  '0a1b2c3d-4e5f-6071-8192-a3b4c5d6e7f5',
  '0a1b2c3d-4e5f-6071-8192-a3b4c5d6e7f6',
  '0a1b2c3d-4e5f-6071-8192-a3b4c5d6e7f7',
  '0a1b2c3d-4e5f-6071-8192-a3b4c5d6e7f8',
  '0a1b2c3d-4e5f-6071-8192-a3b4c5d6e7f9',
  '0a1b2c3d-4e5f-6071-8192-a3b4c5d6e7fa'
);

-- Clear workouts library entries
DELETE FROM workouts_library WHERE id IN (
  '7a7b7c7d-7e7f-7071-7192-a1b2c3d4e501',
  '7a7b7c7d-7e7f-7071-7192-a1b2c3d4e502',
  '7a7b7c7d-7e7f-7071-7192-a1b2c3d4e503',
  '7a7b7c7d-7e7f-7071-7192-a1b2c3d4e504',
  '7a7b7c7d-7e7f-7071-7192-a1b2c3d4e505',
  '7a7b7c7d-7e7f-7071-7192-a1b2c3d4e506',
  '7a7b7c7d-7e7f-7071-7192-a1b2c3d4e507',
  '7a7b7c7d-7e7f-7071-7192-a1b2c3d4e508',
  '7a7b7c7d-7e7f-7071-7192-a1b2c3d4e509',
  '7a7b7c7d-7e7f-7071-7192-a1b2c3d4e510',
  '7a7b7c7d-7e7f-7071-7192-a1b2c3d4e511',
  '7a7b7c7d-7e7f-7071-7192-a1b2c3d4e512',
  '7a7b7c7d-7e7f-7071-7192-a1b2c3d4e513',
  '7a7b7c7d-7e7f-7071-7192-a1b2c3d4e514',
  '7a7b7c7d-7e7f-7071-7192-a1b2c3d4e515',
  '7a7b7c7d-7e7f-7071-7192-a1b2c3d4e516',
  '7a7b7c7d-7e7f-7071-7192-a1b2c3d4e517',
  '7a7b7c7d-7e7f-7071-7192-a1b2c3d4e518',
  '7a7b7c7d-7e7f-7071-7192-a1b2c3d4e519',
  '7a7b7c7d-7e7f-7071-7192-a1b2c3d4e520',
  '7a7b7c7d-7e7f-7071-7192-a1b2c3d4e521',
  '7a7b7c7d-7e7f-7071-7192-a1b2c3d4e522',
  '7a7b7c7d-7e7f-7071-7192-a1b2c3d4e523',
  '7a7b7c7d-7e7f-7071-7192-a1b2c3d4e524'
);

-- Clear member-related data (auth, tokens, etc.)
DELETE FROM refresh_tokens WHERE member_id IN (
  '0a1b2c3d-4e5f-6071-8192-a3b4c5d6e7f1',
  '0a1b2c3d-4e5f-6071-8192-a3b4c5d6e7f2',
  '0a1b2c3d-4e5f-6071-8192-a3b4c5d6e7f3',
  '0a1b2c3d-4e5f-6071-8192-a3b4c5d6e7f4',
  '0a1b2c3d-4e5f-6071-8192-a3b4c5d6e7f5',
  '0a1b2c3d-4e5f-6071-8192-a3b4c5d6e7f6',
  '0a1b2c3d-4e5f-6071-8192-a3b4c5d6e7f7',
  '0a1b2c3d-4e5f-6071-8192-a3b4c5d6e7f8',
  '0a1b2c3d-4e5f-6071-8192-a3b4c5d6e7f9',
  '0a1b2c3d-4e5f-6071-8192-a3b4c5d6e7fa'
);
DELETE FROM auth_identities WHERE member_id IN (
  '0a1b2c3d-4e5f-6071-8192-a3b4c5d6e7f1',
  '0a1b2c3d-4e5f-6071-8192-a3b4c5d6e7f2',
  '0a1b2c3d-4e5f-6071-8192-a3b4c5d6e7f3',
  '0a1b2c3d-4e5f-6071-8192-a3b4c5d6e7f4',
  '0a1b2c3d-4e5f-6071-8192-a3b4c5d6e7f5',
  '0a1b2c3d-4e5f-6071-8192-a3b4c5d6e7f6',
  '0a1b2c3d-4e5f-6071-8192-a3b4c5d6e7f7',
  '0a1b2c3d-4e5f-6071-8192-a3b4c5d6e7f8',
  '0a1b2c3d-4e5f-6071-8192-a3b4c5d6e7f9',
  '0a1b2c3d-4e5f-6071-8192-a3b4c5d6e7fa'
);
DELETE FROM email_verification_tokens WHERE member_email_id IN (
  SELECT id FROM member_emails WHERE member_id IN (
    '0a1b2c3d-4e5f-6071-8192-a3b4c5d6e7f1',
    '0a1b2c3d-4e5f-6071-8192-a3b4c5d6e7f2',
    '0a1b2c3d-4e5f-6071-8192-a3b4c5d6e7f3',
    '0a1b2c3d-4e5f-6071-8192-a3b4c5d6e7f4',
    '0a1b2c3d-4e5f-6071-8192-a3b4c5d6e7f5',
    '0a1b2c3d-4e5f-6071-8192-a3b4c5d6e7f6',
    '0a1b2c3d-4e5f-6071-8192-a3b4c5d6e7f7',
    '0a1b2c3d-4e5f-6071-8192-a3b4c5d6e7f8',
    '0a1b2c3d-4e5f-6071-8192-a3b4c5d6e7f9',
    '0a1b2c3d-4e5f-6071-8192-a3b4c5d6e7fa'
  )
);
DELETE FROM member_emails WHERE member_id IN (
  '0a1b2c3d-4e5f-6071-8192-a3b4c5d6e7f1',
  '0a1b2c3d-4e5f-6071-8192-a3b4c5d6e7f2',
  '0a1b2c3d-4e5f-6071-8192-a3b4c5d6e7f3',
  '0a1b2c3d-4e5f-6071-8192-a3b4c5d6e7f4',
  '0a1b2c3d-4e5f-6071-8192-a3b4c5d6e7f5',
  '0a1b2c3d-4e5f-6071-8192-a3b4c5d6e7f6',
  '0a1b2c3d-4e5f-6071-8192-a3b4c5d6e7f7',
  '0a1b2c3d-4e5f-6071-8192-a3b4c5d6e7f8',
  '0a1b2c3d-4e5f-6071-8192-a3b4c5d6e7f9',
  '0a1b2c3d-4e5f-6071-8192-a3b4c5d6e7fa'
);
DELETE FROM member_credentials WHERE member_id IN (
  '0a1b2c3d-4e5f-6071-8192-a3b4c5d6e7f1',
  '0a1b2c3d-4e5f-6071-8192-a3b4c5d6e7f2',
  '0a1b2c3d-4e5f-6071-8192-a3b4c5d6e7f3',
  '0a1b2c3d-4e5f-6071-8192-a3b4c5d6e7f4',
  '0a1b2c3d-4e5f-6071-8192-a3b4c5d6e7f5',
  '0a1b2c3d-4e5f-6071-8192-a3b4c5d6e7f6',
  '0a1b2c3d-4e5f-6071-8192-a3b4c5d6e7f7',
  '0a1b2c3d-4e5f-6071-8192-a3b4c5d6e7f8',
  '0a1b2c3d-4e5f-6071-8192-a3b4c5d6e7f9',
  '0a1b2c3d-4e5f-6071-8192-a3b4c5d6e7fa'
);
DELETE FROM members WHERE id IN (
  '0a1b2c3d-4e5f-6071-8192-a3b4c5d6e7f1',
  '0a1b2c3d-4e5f-6071-8192-a3b4c5d6e7f2',
  '0a1b2c3d-4e5f-6071-8192-a3b4c5d6e7f3',
  '0a1b2c3d-4e5f-6071-8192-a3b4c5d6e7f4',
  '0a1b2c3d-4e5f-6071-8192-a3b4c5d6e7f5',
  '0a1b2c3d-4e5f-6071-8192-a3b4c5d6e7f6',
  '0a1b2c3d-4e5f-6071-8192-a3b4c5d6e7f7',
  '0a1b2c3d-4e5f-6071-8192-a3b4c5d6e7f8',
  '0a1b2c3d-4e5f-6071-8192-a3b4c5d6e7f9',
  '0a1b2c3d-4e5f-6071-8192-a3b4c5d6e7fa'
);

-- table: members

INSERT INTO members (id, username, first_name, last_name, gender, global_role, status, created_at, updated_at) VALUES

('0a1b2c3d-4e5f-6071-8192-a3b4c5d6e7f1','ava.rivera','Ava','Rivera','female','standard','active','2026-01-01T08:00:00Z','2026-01-01T08:00:00Z'),
('0a1b2c3d-4e5f-6071-8192-a3b4c5d6e7f2','liam.kim','Liam','Kim','male','standard','active','2026-01-02T08:00:00Z','2026-01-02T08:00:00Z'),
('0a1b2c3d-4e5f-6071-8192-a3b4c5d6e7f3','mia.patel','Mia','Patel','female','standard','active','2026-01-03T08:00:00Z','2026-01-03T08:00:00Z'),
('0a1b2c3d-4e5f-6071-8192-a3b4c5d6e7f4','noah.j','Noah','Johnson','male','standard','active','2026-01-04T08:00:00Z','2026-01-04T08:00:00Z'),
('0a1b2c3d-4e5f-6071-8192-a3b4c5d6e7f5','zoe.chen','Zoe','Chen','female','standard','active','2026-01-05T08:00:00Z','2026-01-05T08:00:00Z'),
('0a1b2c3d-4e5f-6071-8192-a3b4c5d6e7f6','ethan.m','Ethan','Martinez','male','standard','active','2026-01-01T08:00:00Z','2026-01-01T08:00:00Z'),
('0a1b2c3d-4e5f-6071-8192-a3b4c5d6e7f7','aria.shah','Aria','Shah','female','standard','active','2026-01-02T08:00:00Z','2026-01-02T08:00:00Z'),
('0a1b2c3d-4e5f-6071-8192-a3b4c5d6e7f8','lucas.b','Lucas','Brown','male','standard','active','2026-01-03T08:00:00Z','2026-01-03T08:00:00Z'),
('0a1b2c3d-4e5f-6071-8192-a3b4c5d6e7f9','ivy.d','Ivy','Davis','female','standard','active','2026-01-04T08:00:00Z','2026-01-04T08:00:00Z'),
('0a1b2c3d-4e5f-6071-8192-a3b4c5d6e7fa','mason.w','Mason','Wilson','male','standard','active','2026-01-05T08:00:00Z','2026-01-05T08:00:00Z');

-- table: member_credentials

INSERT INTO member_credentials (member_id, password_hash) VALUES

('0a1b2c3d-4e5f-6071-8192-a3b4c5d6e7f1', crypt('Password1!', gen_salt('bf'))),
('0a1b2c3d-4e5f-6071-8192-a3b4c5d6e7f2', crypt('Password1!', gen_salt('bf'))),
('0a1b2c3d-4e5f-6071-8192-a3b4c5d6e7f3', crypt('Password1!', gen_salt('bf'))),
('0a1b2c3d-4e5f-6071-8192-a3b4c5d6e7f4', crypt('Password1!', gen_salt('bf'))),
('0a1b2c3d-4e5f-6071-8192-a3b4c5d6e7f5', crypt('Password1!', gen_salt('bf'))),
('0a1b2c3d-4e5f-6071-8192-a3b4c5d6e7f6', crypt('Password1!', gen_salt('bf'))),
('0a1b2c3d-4e5f-6071-8192-a3b4c5d6e7f7', crypt('Password1!', gen_salt('bf'))),
('0a1b2c3d-4e5f-6071-8192-a3b4c5d6e7f8', crypt('Password1!', gen_salt('bf'))),
('0a1b2c3d-4e5f-6071-8192-a3b4c5d6e7f9', crypt('Password1!', gen_salt('bf'))),
('0a1b2c3d-4e5f-6071-8192-a3b4c5d6e7fa', crypt('Password1!', gen_salt('bf')));

-- table: member_emails

INSERT INTO member_emails (member_id, email, is_primary, verified_at) VALUES

('0a1b2c3d-4e5f-6071-8192-a3b4c5d6e7f1','ava.rivera@demo.com', true, '2026-01-02T10:00:00Z'),
('0a1b2c3d-4e5f-6071-8192-a3b4c5d6e7f2','liam.kim@demo.com', true, '2026-01-02T10:00:00Z'),
('0a1b2c3d-4e5f-6071-8192-a3b4c5d6e7f3','mia.patel@demo.com', true, '2026-01-02T10:00:00Z'),
('0a1b2c3d-4e5f-6071-8192-a3b4c5d6e7f4','noah.j@demo.com', true, '2026-01-02T10:00:00Z'),
('0a1b2c3d-4e5f-6071-8192-a3b4c5d6e7f5','zoe.chen@demo.com', true, '2026-01-02T10:00:00Z'),
('0a1b2c3d-4e5f-6071-8192-a3b4c5d6e7f6','ethan.m@demo.com', true, '2026-01-02T10:00:00Z'),
('0a1b2c3d-4e5f-6071-8192-a3b4c5d6e7f7','aria.shah@demo.com', true, '2026-01-02T10:00:00Z'),
('0a1b2c3d-4e5f-6071-8192-a3b4c5d6e7f8','lucas.b@demo.com', true, '2026-01-02T10:00:00Z'),
('0a1b2c3d-4e5f-6071-8192-a3b4c5d6e7f9','ivy.d@demo.com', true, '2026-01-02T10:00:00Z'),
('0a1b2c3d-4e5f-6071-8192-a3b4c5d6e7fa','mason.w@demo.com', true, '2026-01-02T10:00:00Z');

-- table: programs

INSERT INTO programs (id, name, start_date, end_date, status, description, created_by, created_at, updated_at, is_deleted) VALUES

('9c1c2c3c-4d5e-6f70-8a9b-0c1d2e3f4a5b','RaSi Winter Reset','2026-01-01','2026-03-01','active','12-week strength + conditioning focus.','0a1b2c3d-4e5f-6071-8192-a3b4c5d6e7f1','2025-12-28T09:00:00Z','2025-12-28T09:00:00Z', false);

-- table: program_memberships

INSERT INTO program_memberships (program_id, member_id, role, status, joined_at) VALUES

('9c1c2c3c-4d5e-6f70-8a9b-0c1d2e3f4a5b','0a1b2c3d-4e5f-6071-8192-a3b4c5d6e7f1','admin','active','2026-01-01T08:00:00Z'),
('9c1c2c3c-4d5e-6f70-8a9b-0c1d2e3f4a5b','0a1b2c3d-4e5f-6071-8192-a3b4c5d6e7f2','logger','active','2026-01-01T08:00:00Z'),
('9c1c2c3c-4d5e-6f70-8a9b-0c1d2e3f4a5b','0a1b2c3d-4e5f-6071-8192-a3b4c5d6e7f3','member','active','2026-01-01T08:00:00Z'),
('9c1c2c3c-4d5e-6f70-8a9b-0c1d2e3f4a5b','0a1b2c3d-4e5f-6071-8192-a3b4c5d6e7f4','member','active','2026-01-01T08:00:00Z'),
('9c1c2c3c-4d5e-6f70-8a9b-0c1d2e3f4a5b','0a1b2c3d-4e5f-6071-8192-a3b4c5d6e7f5','member','active','2026-01-01T08:00:00Z'),
('9c1c2c3c-4d5e-6f70-8a9b-0c1d2e3f4a5b','0a1b2c3d-4e5f-6071-8192-a3b4c5d6e7f6','member','active','2026-01-01T08:00:00Z'),
('9c1c2c3c-4d5e-6f70-8a9b-0c1d2e3f4a5b','0a1b2c3d-4e5f-6071-8192-a3b4c5d6e7f7','member','active','2026-01-01T08:00:00Z'),
('9c1c2c3c-4d5e-6f70-8a9b-0c1d2e3f4a5b','0a1b2c3d-4e5f-6071-8192-a3b4c5d6e7f8','member','active','2026-01-01T08:00:00Z'),
('9c1c2c3c-4d5e-6f70-8a9b-0c1d2e3f4a5b','0a1b2c3d-4e5f-6071-8192-a3b4c5d6e7f9','member','active','2026-01-01T08:00:00Z'),
('9c1c2c3c-4d5e-6f70-8a9b-0c1d2e3f4a5b','0a1b2c3d-4e5f-6071-8192-a3b4c5d6e7fa','member','active','2026-01-01T08:00:00Z');

-- table: workouts_library

INSERT INTO workouts_library (id, name) VALUES

('7a7b7c7d-7e7f-7071-7192-a1b2c3d4e501','Strength - Upper Body'),
('7a7b7c7d-7e7f-7071-7192-a1b2c3d4e502','Strength - Lower Body'),
('7a7b7c7d-7e7f-7071-7192-a1b2c3d4e503','Strength - Full Body'),
('7a7b7c7d-7e7f-7071-7192-a1b2c3d4e504','HIIT Intervals'),
('7a7b7c7d-7e7f-7071-7192-a1b2c3d4e505','Cardio Endurance'),
('7a7b7c7d-7e7f-7071-7192-a1b2c3d4e506','Cycling'),
('7a7b7c7d-7e7f-7071-7192-a1b2c3d4e507','Running'),
('7a7b7c7d-7e7f-7071-7192-a1b2c3d4e508','Rowing'),
('7a7b7c7d-7e7f-7071-7192-a1b2c3d4e509','Yoga Flow'),
('7a7b7c7d-7e7f-7071-7192-a1b2c3d4e510','Pilates Core'),
('7a7b7c7d-7e7f-7071-7192-a1b2c3d4e511','Mobility'),
('7a7b7c7d-7e7f-7071-7192-a1b2c3d4e512','Stretching'),
('7a7b7c7d-7e7f-7071-7192-a1b2c3d4e513','Core & Abs'),
('7a7b7c7d-7e7f-7071-7192-a1b2c3d4e514','Glute Focus'),
('7a7b7c7d-7e7f-7071-7192-a1b2c3d4e515','Pull Day'),
('7a7b7c7d-7e7f-7071-7192-a1b2c3d4e516','Push Day'),
('7a7b7c7d-7e7f-7071-7192-a1b2c3d4e517','Leg Day'),
('7a7b7c7d-7e7f-7071-7192-a1b2c3d4e518','Functional Training'),
('7a7b7c7d-7e7f-7071-7192-a1b2c3d4e519','Boxing'),
('7a7b7c7d-7e7f-7071-7192-a1b2c3d4e520','Stair Climber'),
('7a7b7c7d-7e7f-7071-7192-a1b2c3d4e521','Swim'),
('7a7b7c7d-7e7f-7071-7192-a1b2c3d4e522','Circuit Training'),
('7a7b7c7d-7e7f-7071-7192-a1b2c3d4e523','Kettlebell'),
('7a7b7c7d-7e7f-7071-7192-a1b2c3d4e524','Dance Cardio');

-- table: program_workouts

INSERT INTO program_workouts (id, program_id, library_workout_id, workout_name) VALUES

('8a8b8c8d-8e8f-8071-8192-b1c2d3e4f501','9c1c2c3c-4d5e-6f70-8a9b-0c1d2e3f4a5b','7a7b7c7d-7e7f-7071-7192-a1b2c3d4e501','Strength - Upper Body'),
('8a8b8c8d-8e8f-8071-8192-b1c2d3e4f502','9c1c2c3c-4d5e-6f70-8a9b-0c1d2e3f4a5b','7a7b7c7d-7e7f-7071-7192-a1b2c3d4e502','Strength - Lower Body'),
('8a8b8c8d-8e8f-8071-8192-b1c2d3e4f503','9c1c2c3c-4d5e-6f70-8a9b-0c1d2e3f4a5b','7a7b7c7d-7e7f-7071-7192-a1b2c3d4e503','Strength - Full Body'),
('8a8b8c8d-8e8f-8071-8192-b1c2d3e4f504','9c1c2c3c-4d5e-6f70-8a9b-0c1d2e3f4a5b','7a7b7c7d-7e7f-7071-7192-a1b2c3d4e504','HIIT Intervals'),
('8a8b8c8d-8e8f-8071-8192-b1c2d3e4f505','9c1c2c3c-4d5e-6f70-8a9b-0c1d2e3f4a5b','7a7b7c7d-7e7f-7071-7192-a1b2c3d4e505','Cardio Endurance'),
('8a8b8c8d-8e8f-8071-8192-b1c2d3e4f506','9c1c2c3c-4d5e-6f70-8a9b-0c1d2e3f4a5b','7a7b7c7d-7e7f-7071-7192-a1b2c3d4e506','Cycling'),
('8a8b8c8d-8e8f-8071-8192-b1c2d3e4f507','9c1c2c3c-4d5e-6f70-8a9b-0c1d2e3f4a5b','7a7b7c7d-7e7f-7071-7192-a1b2c3d4e507','Running'),
('8a8b8c8d-8e8f-8071-8192-b1c2d3e4f508','9c1c2c3c-4d5e-6f70-8a9b-0c1d2e3f4a5b','7a7b7c7d-7e7f-7071-7192-a1b2c3d4e508','Rowing'),
('8a8b8c8d-8e8f-8071-8192-b1c2d3e4f509','9c1c2c3c-4d5e-6f70-8a9b-0c1d2e3f4a5b','7a7b7c7d-7e7f-7071-7192-a1b2c3d4e509','Yoga Flow'),
('8a8b8c8d-8e8f-8071-8192-b1c2d3e4f510','9c1c2c3c-4d5e-6f70-8a9b-0c1d2e3f4a5b','7a7b7c7d-7e7f-7071-7192-a1b2c3d4e510','Pilates Core'),
('8a8b8c8d-8e8f-8071-8192-b1c2d3e4f511','9c1c2c3c-4d5e-6f70-8a9b-0c1d2e3f4a5b','7a7b7c7d-7e7f-7071-7192-a1b2c3d4e511','Mobility'),
('8a8b8c8d-8e8f-8071-8192-b1c2d3e4f512','9c1c2c3c-4d5e-6f70-8a9b-0c1d2e3f4a5b','7a7b7c7d-7e7f-7071-7192-a1b2c3d4e512','Stretching'),
('8a8b8c8d-8e8f-8071-8192-b1c2d3e4f513','9c1c2c3c-4d5e-6f70-8a9b-0c1d2e3f4a5b','7a7b7c7d-7e7f-7071-7192-a1b2c3d4e513','Core & Abs'),
('8a8b8c8d-8e8f-8071-8192-b1c2d3e4f514','9c1c2c3c-4d5e-6f70-8a9b-0c1d2e3f4a5b','7a7b7c7d-7e7f-7071-7192-a1b2c3d4e514','Glute Focus'),
('8a8b8c8d-8e8f-8071-8192-b1c2d3e4f515','9c1c2c3c-4d5e-6f70-8a9b-0c1d2e3f4a5b','7a7b7c7d-7e7f-7071-7192-a1b2c3d4e515','Pull Day'),
('8a8b8c8d-8e8f-8071-8192-b1c2d3e4f516','9c1c2c3c-4d5e-6f70-8a9b-0c1d2e3f4a5b','7a7b7c7d-7e7f-7071-7192-a1b2c3d4e516','Push Day'),
('8a8b8c8d-8e8f-8071-8192-b1c2d3e4f517','9c1c2c3c-4d5e-6f70-8a9b-0c1d2e3f4a5b','7a7b7c7d-7e7f-7071-7192-a1b2c3d4e517','Leg Day'),
('8a8b8c8d-8e8f-8071-8192-b1c2d3e4f518','9c1c2c3c-4d5e-6f70-8a9b-0c1d2e3f4a5b','7a7b7c7d-7e7f-7071-7192-a1b2c3d4e518','Functional Training'),
('8a8b8c8d-8e8f-8071-8192-b1c2d3e4f519','9c1c2c3c-4d5e-6f70-8a9b-0c1d2e3f4a5b','7a7b7c7d-7e7f-7071-7192-a1b2c3d4e519','Boxing'),
('8a8b8c8d-8e8f-8071-8192-b1c2d3e4f520','9c1c2c3c-4d5e-6f70-8a9b-0c1d2e3f4a5b','7a7b7c7d-7e7f-7071-7192-a1b2c3d4e520','Stair Climber'),
('8a8b8c8d-8e8f-8071-8192-b1c2d3e4f521','9c1c2c3c-4d5e-6f70-8a9b-0c1d2e3f4a5b','7a7b7c7d-7e7f-7071-7192-a1b2c3d4e521','Swim'),
('8a8b8c8d-8e8f-8071-8192-b1c2d3e4f522','9c1c2c3c-4d5e-6f70-8a9b-0c1d2e3f4a5b','7a7b7c7d-7e7f-7071-7192-a1b2c3d4e522','Circuit Training'),
('8a8b8c8d-8e8f-8071-8192-b1c2d3e4f523','9c1c2c3c-4d5e-6f70-8a9b-0c1d2e3f4a5b','7a7b7c7d-7e7f-7071-7192-a1b2c3d4e523','Kettlebell'),
('8a8b8c8d-8e8f-8071-8192-b1c2d3e4f524','9c1c2c3c-4d5e-6f70-8a9b-0c1d2e3f4a5b','7a7b7c7d-7e7f-7071-7192-a1b2c3d4e524','Dance Cardio');

-- table: daily_health_logs

INSERT INTO daily_health_logs (program_id, member_id, log_date, sleep_hours, diet_quality)
SELECT
  '9c1c2c3c-4d5e-6f70-8a9b-0c1d2e3f4a5b'::uuid,
  v.member_id::uuid,
  v.log_date::date,
  v.sleep_hours,
  v.diet_quality
FROM (VALUES
('0a1b2c3d-4e5f-6071-8192-a3b4c5d6e7f1','2026-01-01',6.07,5),
('0a1b2c3d-4e5f-6071-8192-a3b4c5d6e7f1','2026-01-02',7.43,4),
('0a1b2c3d-4e5f-6071-8192-a3b4c5d6e7f1','2026-01-03',7.44,4),
('0a1b2c3d-4e5f-6071-8192-a3b4c5d6e7f1','2026-01-04',8.68,4),
('0a1b2c3d-4e5f-6071-8192-a3b4c5d6e7f1','2026-01-05',8.63,3),
('0a1b2c3d-4e5f-6071-8192-a3b4c5d6e7f1','2026-01-06',5.85,3),
('0a1b2c3d-4e5f-6071-8192-a3b4c5d6e7f1','2026-01-07',5.81,4),
('0a1b2c3d-4e5f-6071-8192-a3b4c5d6e7f1','2026-01-08',7.13,5),
('0a1b2c3d-4e5f-6071-8192-a3b4c5d6e7f1','2026-01-09',8.59,2),
('0a1b2c3d-4e5f-6071-8192-a3b4c5d6e7f1','2026-01-10',5.97,5),
('0a1b2c3d-4e5f-6071-8192-a3b4c5d6e7f1','2026-01-12',5.79,5),
('0a1b2c3d-4e5f-6071-8192-a3b4c5d6e7f1','2026-01-13',6.22,4),
('0a1b2c3d-4e5f-6071-8192-a3b4c5d6e7f1','2026-01-14',6.43,5),
('0a1b2c3d-4e5f-6071-8192-a3b4c5d6e7f1','2026-01-15',7.28,3),
('0a1b2c3d-4e5f-6071-8192-a3b4c5d6e7f1','2026-01-16',5.64,3),
('0a1b2c3d-4e5f-6071-8192-a3b4c5d6e7f1','2026-01-17',6.87,3),
('0a1b2c3d-4e5f-6071-8192-a3b4c5d6e7f1','2026-01-18',7.94,3),
('0a1b2c3d-4e5f-6071-8192-a3b4c5d6e7f1','2026-01-19',6.61,5),
('0a1b2c3d-4e5f-6071-8192-a3b4c5d6e7f1','2026-01-20',8.47,2),
('0a1b2c3d-4e5f-6071-8192-a3b4c5d6e7f1','2026-01-22',7.72,2),
('0a1b2c3d-4e5f-6071-8192-a3b4c5d6e7f1','2026-01-23',8.70,2),
('0a1b2c3d-4e5f-6071-8192-a3b4c5d6e7f1','2026-01-25',8.45,3),
('0a1b2c3d-4e5f-6071-8192-a3b4c5d6e7f1','2026-01-26',6.75,2),
('0a1b2c3d-4e5f-6071-8192-a3b4c5d6e7f2','2026-01-01',6.30,4),
('0a1b2c3d-4e5f-6071-8192-a3b4c5d6e7f2','2026-01-02',6.82,3),
('0a1b2c3d-4e5f-6071-8192-a3b4c5d6e7f2','2026-01-04',7.13,3),
('0a1b2c3d-4e5f-6071-8192-a3b4c5d6e7f2','2026-01-05',5.92,5),
('0a1b2c3d-4e5f-6071-8192-a3b4c5d6e7f2','2026-01-06',6.78,2),
('0a1b2c3d-4e5f-6071-8192-a3b4c5d6e7f2','2026-01-07',8.29,3),
('0a1b2c3d-4e5f-6071-8192-a3b4c5d6e7f2','2026-01-08',5.98,4),
('0a1b2c3d-4e5f-6071-8192-a3b4c5d6e7f2','2026-01-10',5.69,2),
('0a1b2c3d-4e5f-6071-8192-a3b4c5d6e7f2','2026-01-11',6.51,4),
('0a1b2c3d-4e5f-6071-8192-a3b4c5d6e7f2','2026-01-12',8.03,4),
('0a1b2c3d-4e5f-6071-8192-a3b4c5d6e7f2','2026-01-13',8.55,2),
('0a1b2c3d-4e5f-6071-8192-a3b4c5d6e7f2','2026-01-14',8.32,4),
('0a1b2c3d-4e5f-6071-8192-a3b4c5d6e7f2','2026-01-15',5.98,5),
('0a1b2c3d-4e5f-6071-8192-a3b4c5d6e7f2','2026-01-16',6.93,4),
('0a1b2c3d-4e5f-6071-8192-a3b4c5d6e7f2','2026-01-17',7.84,5),
('0a1b2c3d-4e5f-6071-8192-a3b4c5d6e7f2','2026-01-18',5.83,2),
('0a1b2c3d-4e5f-6071-8192-a3b4c5d6e7f2','2026-01-19',7.02,3),
('0a1b2c3d-4e5f-6071-8192-a3b4c5d6e7f2','2026-01-20',8.70,2),
('0a1b2c3d-4e5f-6071-8192-a3b4c5d6e7f2','2026-01-21',7.77,5),
('0a1b2c3d-4e5f-6071-8192-a3b4c5d6e7f2','2026-01-22',6.05,4),
('0a1b2c3d-4e5f-6071-8192-a3b4c5d6e7f2','2026-01-25',8.01,3),
('0a1b2c3d-4e5f-6071-8192-a3b4c5d6e7f2','2026-01-26',8.20,2),
('0a1b2c3d-4e5f-6071-8192-a3b4c5d6e7f3','2026-01-01',5.99,3),
('0a1b2c3d-4e5f-6071-8192-a3b4c5d6e7f3','2026-01-02',5.71,3),
('0a1b2c3d-4e5f-6071-8192-a3b4c5d6e7f3','2026-01-03',8.42,3),
('0a1b2c3d-4e5f-6071-8192-a3b4c5d6e7f3','2026-01-04',6.44,2),
('0a1b2c3d-4e5f-6071-8192-a3b4c5d6e7f3','2026-01-05',6.36,5),
('0a1b2c3d-4e5f-6071-8192-a3b4c5d6e7f3','2026-01-06',7.86,2),
('0a1b2c3d-4e5f-6071-8192-a3b4c5d6e7f3','2026-01-08',6.33,2),
('0a1b2c3d-4e5f-6071-8192-a3b4c5d6e7f3','2026-01-09',5.91,3),
('0a1b2c3d-4e5f-6071-8192-a3b4c5d6e7f3','2026-01-10',8.03,4),
('0a1b2c3d-4e5f-6071-8192-a3b4c5d6e7f3','2026-01-11',6.42,2),
('0a1b2c3d-4e5f-6071-8192-a3b4c5d6e7f3','2026-01-13',5.82,4),
('0a1b2c3d-4e5f-6071-8192-a3b4c5d6e7f3','2026-01-14',8.79,5),
('0a1b2c3d-4e5f-6071-8192-a3b4c5d6e7f3','2026-01-15',8.29,5),
('0a1b2c3d-4e5f-6071-8192-a3b4c5d6e7f3','2026-01-16',6.90,4),
('0a1b2c3d-4e5f-6071-8192-a3b4c5d6e7f3','2026-01-17',8.79,4),
('0a1b2c3d-4e5f-6071-8192-a3b4c5d6e7f3','2026-01-18',6.42,5),
('0a1b2c3d-4e5f-6071-8192-a3b4c5d6e7f3','2026-01-19',6.44,5),
('0a1b2c3d-4e5f-6071-8192-a3b4c5d6e7f3','2026-01-20',5.90,5),
('0a1b2c3d-4e5f-6071-8192-a3b4c5d6e7f3','2026-01-22',6.59,3),
('0a1b2c3d-4e5f-6071-8192-a3b4c5d6e7f3','2026-01-24',5.64,2),
('0a1b2c3d-4e5f-6071-8192-a3b4c5d6e7f3','2026-01-25',8.13,2),
('0a1b2c3d-4e5f-6071-8192-a3b4c5d6e7f3','2026-01-26',7.16,2),
('0a1b2c3d-4e5f-6071-8192-a3b4c5d6e7f4','2026-01-01',7.43,5),
('0a1b2c3d-4e5f-6071-8192-a3b4c5d6e7f4','2026-01-02',7.54,3),
('0a1b2c3d-4e5f-6071-8192-a3b4c5d6e7f4','2026-01-03',7.54,4),
('0a1b2c3d-4e5f-6071-8192-a3b4c5d6e7f4','2026-01-04',5.82,2),
('0a1b2c3d-4e5f-6071-8192-a3b4c5d6e7f4','2026-01-05',6.06,4),
('0a1b2c3d-4e5f-6071-8192-a3b4c5d6e7f4','2026-01-06',7.55,5),
('0a1b2c3d-4e5f-6071-8192-a3b4c5d6e7f4','2026-01-07',8.22,2),
('0a1b2c3d-4e5f-6071-8192-a3b4c5d6e7f4','2026-01-09',8.20,2),
('0a1b2c3d-4e5f-6071-8192-a3b4c5d6e7f4','2026-01-11',7.72,5),
('0a1b2c3d-4e5f-6071-8192-a3b4c5d6e7f4','2026-01-12',7.14,2),
('0a1b2c3d-4e5f-6071-8192-a3b4c5d6e7f4','2026-01-13',8.62,5),
('0a1b2c3d-4e5f-6071-8192-a3b4c5d6e7f4','2026-01-14',7.85,3),
('0a1b2c3d-4e5f-6071-8192-a3b4c5d6e7f4','2026-01-15',8.20,2),
('0a1b2c3d-4e5f-6071-8192-a3b4c5d6e7f4','2026-01-16',8.56,2),
('0a1b2c3d-4e5f-6071-8192-a3b4c5d6e7f4','2026-01-17',6.08,3),
('0a1b2c3d-4e5f-6071-8192-a3b4c5d6e7f4','2026-01-19',7.92,5),
('0a1b2c3d-4e5f-6071-8192-a3b4c5d6e7f4','2026-01-20',7.51,2),
('0a1b2c3d-4e5f-6071-8192-a3b4c5d6e7f4','2026-01-21',6.71,5),
('0a1b2c3d-4e5f-6071-8192-a3b4c5d6e7f4','2026-01-22',7.23,5),
('0a1b2c3d-4e5f-6071-8192-a3b4c5d6e7f4','2026-01-23',7.27,4),
('0a1b2c3d-4e5f-6071-8192-a3b4c5d6e7f4','2026-01-24',7.61,3),
('0a1b2c3d-4e5f-6071-8192-a3b4c5d6e7f4','2026-01-25',6.27,4),
('0a1b2c3d-4e5f-6071-8192-a3b4c5d6e7f4','2026-01-26',8.47,2),
('0a1b2c3d-4e5f-6071-8192-a3b4c5d6e7f5','2026-01-01',7.95,3),
('0a1b2c3d-4e5f-6071-8192-a3b4c5d6e7f5','2026-01-02',6.98,5),
('0a1b2c3d-4e5f-6071-8192-a3b4c5d6e7f5','2026-01-03',8.18,4),
('0a1b2c3d-4e5f-6071-8192-a3b4c5d6e7f5','2026-01-04',6.06,2),
('0a1b2c3d-4e5f-6071-8192-a3b4c5d6e7f5','2026-01-05',8.45,3),
('0a1b2c3d-4e5f-6071-8192-a3b4c5d6e7f5','2026-01-06',6.45,2),
('0a1b2c3d-4e5f-6071-8192-a3b4c5d6e7f5','2026-01-07',8.58,4),
('0a1b2c3d-4e5f-6071-8192-a3b4c5d6e7f5','2026-01-09',5.61,2),
('0a1b2c3d-4e5f-6071-8192-a3b4c5d6e7f5','2026-01-10',7.35,5),
('0a1b2c3d-4e5f-6071-8192-a3b4c5d6e7f5','2026-01-11',7.33,5),
('0a1b2c3d-4e5f-6071-8192-a3b4c5d6e7f5','2026-01-12',7.72,3),
('0a1b2c3d-4e5f-6071-8192-a3b4c5d6e7f5','2026-01-13',5.61,4),
('0a1b2c3d-4e5f-6071-8192-a3b4c5d6e7f5','2026-01-14',7.15,3),
('0a1b2c3d-4e5f-6071-8192-a3b4c5d6e7f5','2026-01-15',6.67,5),
('0a1b2c3d-4e5f-6071-8192-a3b4c5d6e7f5','2026-01-16',8.56,5),
('0a1b2c3d-4e5f-6071-8192-a3b4c5d6e7f5','2026-01-17',6.54,4),
('0a1b2c3d-4e5f-6071-8192-a3b4c5d6e7f5','2026-01-18',6.34,4),
('0a1b2c3d-4e5f-6071-8192-a3b4c5d6e7f5','2026-01-19',6.36,5),
('0a1b2c3d-4e5f-6071-8192-a3b4c5d6e7f5','2026-01-20',8.30,2),
('0a1b2c3d-4e5f-6071-8192-a3b4c5d6e7f5','2026-01-22',6.49,2),
('0a1b2c3d-4e5f-6071-8192-a3b4c5d6e7f5','2026-01-23',8.72,3),
('0a1b2c3d-4e5f-6071-8192-a3b4c5d6e7f5','2026-01-24',8.07,4),
('0a1b2c3d-4e5f-6071-8192-a3b4c5d6e7f5','2026-01-25',7.16,5),
('0a1b2c3d-4e5f-6071-8192-a3b4c5d6e7f6','2026-01-01',7.74,3),
('0a1b2c3d-4e5f-6071-8192-a3b4c5d6e7f6','2026-01-03',8.02,5),
('0a1b2c3d-4e5f-6071-8192-a3b4c5d6e7f6','2026-01-04',8.43,2),
('0a1b2c3d-4e5f-6071-8192-a3b4c5d6e7f6','2026-01-05',6.21,2),
('0a1b2c3d-4e5f-6071-8192-a3b4c5d6e7f6','2026-01-06',5.89,5),
('0a1b2c3d-4e5f-6071-8192-a3b4c5d6e7f6','2026-01-08',7.73,4),
('0a1b2c3d-4e5f-6071-8192-a3b4c5d6e7f6','2026-01-09',6.63,2),
('0a1b2c3d-4e5f-6071-8192-a3b4c5d6e7f6','2026-01-10',7.22,3),
('0a1b2c3d-4e5f-6071-8192-a3b4c5d6e7f6','2026-01-11',8.16,3),
('0a1b2c3d-4e5f-6071-8192-a3b4c5d6e7f6','2026-01-12',5.94,2),
('0a1b2c3d-4e5f-6071-8192-a3b4c5d6e7f6','2026-01-13',7.32,3),
('0a1b2c3d-4e5f-6071-8192-a3b4c5d6e7f6','2026-01-14',7.08,2),
('0a1b2c3d-4e5f-6071-8192-a3b4c5d6e7f6','2026-01-15',8.36,2),
('0a1b2c3d-4e5f-6071-8192-a3b4c5d6e7f6','2026-01-16',5.97,4),
('0a1b2c3d-4e5f-6071-8192-a3b4c5d6e7f6','2026-01-17',8.37,2),
('0a1b2c3d-4e5f-6071-8192-a3b4c5d6e7f6','2026-01-18',8.28,4),
('0a1b2c3d-4e5f-6071-8192-a3b4c5d6e7f6','2026-01-19',8.44,4),
('0a1b2c3d-4e5f-6071-8192-a3b4c5d6e7f6','2026-01-20',8.07,3),
('0a1b2c3d-4e5f-6071-8192-a3b4c5d6e7f6','2026-01-21',7.09,2),
('0a1b2c3d-4e5f-6071-8192-a3b4c5d6e7f6','2026-01-23',6.99,3),
('0a1b2c3d-4e5f-6071-8192-a3b4c5d6e7f6','2026-01-25',6.01,3),
('0a1b2c3d-4e5f-6071-8192-a3b4c5d6e7f6','2026-01-26',6.64,5),
('0a1b2c3d-4e5f-6071-8192-a3b4c5d6e7f7','2026-01-01',7.81,4),
('0a1b2c3d-4e5f-6071-8192-a3b4c5d6e7f7','2026-01-02',8.54,5),
('0a1b2c3d-4e5f-6071-8192-a3b4c5d6e7f7','2026-01-03',6.89,2),
('0a1b2c3d-4e5f-6071-8192-a3b4c5d6e7f7','2026-01-05',8.44,4),
('0a1b2c3d-4e5f-6071-8192-a3b4c5d6e7f7','2026-01-06',8.72,4),
('0a1b2c3d-4e5f-6071-8192-a3b4c5d6e7f7','2026-01-07',5.81,3),
('0a1b2c3d-4e5f-6071-8192-a3b4c5d6e7f7','2026-01-08',7.58,3),
('0a1b2c3d-4e5f-6071-8192-a3b4c5d6e7f7','2026-01-09',8.06,3),
('0a1b2c3d-4e5f-6071-8192-a3b4c5d6e7f7','2026-01-10',7.04,4),
('0a1b2c3d-4e5f-6071-8192-a3b4c5d6e7f7','2026-01-11',6.40,5),
('0a1b2c3d-4e5f-6071-8192-a3b4c5d6e7f7','2026-01-12',7.59,5),
('0a1b2c3d-4e5f-6071-8192-a3b4c5d6e7f7','2026-01-13',7.55,5),
('0a1b2c3d-4e5f-6071-8192-a3b4c5d6e7f7','2026-01-14',7.89,5),
('0a1b2c3d-4e5f-6071-8192-a3b4c5d6e7f7','2026-01-15',7.02,3),
('0a1b2c3d-4e5f-6071-8192-a3b4c5d6e7f7','2026-01-16',5.83,5),
('0a1b2c3d-4e5f-6071-8192-a3b4c5d6e7f7','2026-01-19',6.75,2),
('0a1b2c3d-4e5f-6071-8192-a3b4c5d6e7f7','2026-01-20',6.71,5),
('0a1b2c3d-4e5f-6071-8192-a3b4c5d6e7f7','2026-01-21',6.58,2),
('0a1b2c3d-4e5f-6071-8192-a3b4c5d6e7f7','2026-01-22',7.11,3),
('0a1b2c3d-4e5f-6071-8192-a3b4c5d6e7f7','2026-01-23',5.76,4),
('0a1b2c3d-4e5f-6071-8192-a3b4c5d6e7f7','2026-01-24',6.03,2),
('0a1b2c3d-4e5f-6071-8192-a3b4c5d6e7f7','2026-01-25',8.72,4),
('0a1b2c3d-4e5f-6071-8192-a3b4c5d6e7f7','2026-01-26',7.29,2),
('0a1b2c3d-4e5f-6071-8192-a3b4c5d6e7f8','2026-01-01',7.01,4),
('0a1b2c3d-4e5f-6071-8192-a3b4c5d6e7f8','2026-01-04',6.37,5),
('0a1b2c3d-4e5f-6071-8192-a3b4c5d6e7f8','2026-01-05',8.27,4),
('0a1b2c3d-4e5f-6071-8192-a3b4c5d6e7f8','2026-01-06',6.58,4),
('0a1b2c3d-4e5f-6071-8192-a3b4c5d6e7f8','2026-01-07',7.65,3),
('0a1b2c3d-4e5f-6071-8192-a3b4c5d6e7f8','2026-01-08',7.34,2),
('0a1b2c3d-4e5f-6071-8192-a3b4c5d6e7f8','2026-01-09',8.30,5),
('0a1b2c3d-4e5f-6071-8192-a3b4c5d6e7f8','2026-01-10',7.84,3),
('0a1b2c3d-4e5f-6071-8192-a3b4c5d6e7f8','2026-01-11',7.11,2),
('0a1b2c3d-4e5f-6071-8192-a3b4c5d6e7f8','2026-01-12',8.40,3),
('0a1b2c3d-4e5f-6071-8192-a3b4c5d6e7f8','2026-01-13',6.02,4),
('0a1b2c3d-4e5f-6071-8192-a3b4c5d6e7f8','2026-01-14',7.93,3),
('0a1b2c3d-4e5f-6071-8192-a3b4c5d6e7f8','2026-01-15',6.58,4),
('0a1b2c3d-4e5f-6071-8192-a3b4c5d6e7f8','2026-01-16',6.82,5),
('0a1b2c3d-4e5f-6071-8192-a3b4c5d6e7f8','2026-01-18',6.89,3),
('0a1b2c3d-4e5f-6071-8192-a3b4c5d6e7f8','2026-01-19',7.18,3),
('0a1b2c3d-4e5f-6071-8192-a3b4c5d6e7f8','2026-01-20',5.63,2),
('0a1b2c3d-4e5f-6071-8192-a3b4c5d6e7f8','2026-01-21',7.06,4),
('0a1b2c3d-4e5f-6071-8192-a3b4c5d6e7f8','2026-01-23',6.17,3),
('0a1b2c3d-4e5f-6071-8192-a3b4c5d6e7f8','2026-01-24',8.50,5),
('0a1b2c3d-4e5f-6071-8192-a3b4c5d6e7f8','2026-01-25',6.71,2),
('0a1b2c3d-4e5f-6071-8192-a3b4c5d6e7f8','2026-01-26',5.72,5),
('0a1b2c3d-4e5f-6071-8192-a3b4c5d6e7f9','2026-01-01',7.45,5),
('0a1b2c3d-4e5f-6071-8192-a3b4c5d6e7f9','2026-01-02',7.29,3),
('0a1b2c3d-4e5f-6071-8192-a3b4c5d6e7f9','2026-01-03',8.18,3),
('0a1b2c3d-4e5f-6071-8192-a3b4c5d6e7f9','2026-01-04',5.72,5),
('0a1b2c3d-4e5f-6071-8192-a3b4c5d6e7f9','2026-01-06',7.77,2),
('0a1b2c3d-4e5f-6071-8192-a3b4c5d6e7f9','2026-01-07',7.43,5),
('0a1b2c3d-4e5f-6071-8192-a3b4c5d6e7f9','2026-01-08',5.97,4),
('0a1b2c3d-4e5f-6071-8192-a3b4c5d6e7f9','2026-01-09',6.71,4),
('0a1b2c3d-4e5f-6071-8192-a3b4c5d6e7f9','2026-01-10',7.50,3),
('0a1b2c3d-4e5f-6071-8192-a3b4c5d6e7f9','2026-01-11',6.84,2),
('0a1b2c3d-4e5f-6071-8192-a3b4c5d6e7f9','2026-01-12',8.19,3),
('0a1b2c3d-4e5f-6071-8192-a3b4c5d6e7f9','2026-01-13',8.25,5),
('0a1b2c3d-4e5f-6071-8192-a3b4c5d6e7f9','2026-01-14',8.53,3),
('0a1b2c3d-4e5f-6071-8192-a3b4c5d6e7f9','2026-01-16',7.54,5),
('0a1b2c3d-4e5f-6071-8192-a3b4c5d6e7f9','2026-01-17',5.94,2),
('0a1b2c3d-4e5f-6071-8192-a3b4c5d6e7f9','2026-01-18',7.17,4),
('0a1b2c3d-4e5f-6071-8192-a3b4c5d6e7f9','2026-01-19',6.97,5),
('0a1b2c3d-4e5f-6071-8192-a3b4c5d6e7f9','2026-01-20',8.49,5),
('0a1b2c3d-4e5f-6071-8192-a3b4c5d6e7f9','2026-01-21',8.39,2),
('0a1b2c3d-4e5f-6071-8192-a3b4c5d6e7f9','2026-01-23',8.61,3),
('0a1b2c3d-4e5f-6071-8192-a3b4c5d6e7f9','2026-01-25',8.67,5),
('0a1b2c3d-4e5f-6071-8192-a3b4c5d6e7f9','2026-01-26',8.02,3),
('0a1b2c3d-4e5f-6071-8192-a3b4c5d6e7fa','2026-01-01',5.82,3),
('0a1b2c3d-4e5f-6071-8192-a3b4c5d6e7fa','2026-01-02',8.04,5),
('0a1b2c3d-4e5f-6071-8192-a3b4c5d6e7fa','2026-01-03',8.29,2),
('0a1b2c3d-4e5f-6071-8192-a3b4c5d6e7fa','2026-01-04',7.61,5),
('0a1b2c3d-4e5f-6071-8192-a3b4c5d6e7fa','2026-01-05',8.72,4),
('0a1b2c3d-4e5f-6071-8192-a3b4c5d6e7fa','2026-01-06',6.12,2),
('0a1b2c3d-4e5f-6071-8192-a3b4c5d6e7fa','2026-01-07',6.97,5),
('0a1b2c3d-4e5f-6071-8192-a3b4c5d6e7fa','2026-01-08',8.30,3),
('0a1b2c3d-4e5f-6071-8192-a3b4c5d6e7fa','2026-01-09',7.55,5),
('0a1b2c3d-4e5f-6071-8192-a3b4c5d6e7fa','2026-01-10',5.93,4),
('0a1b2c3d-4e5f-6071-8192-a3b4c5d6e7fa','2026-01-11',6.81,4),
('0a1b2c3d-4e5f-6071-8192-a3b4c5d6e7fa','2026-01-12',7.72,2),
('0a1b2c3d-4e5f-6071-8192-a3b4c5d6e7fa','2026-01-13',6.48,4),
('0a1b2c3d-4e5f-6071-8192-a3b4c5d6e7fa','2026-01-15',7.49,4),
('0a1b2c3d-4e5f-6071-8192-a3b4c5d6e7fa','2026-01-16',8.11,3),
('0a1b2c3d-4e5f-6071-8192-a3b4c5d6e7fa','2026-01-18',5.65,2),
('0a1b2c3d-4e5f-6071-8192-a3b4c5d6e7fa','2026-01-19',7.68,3),
('0a1b2c3d-4e5f-6071-8192-a3b4c5d6e7fa','2026-01-20',8.61,5),
('0a1b2c3d-4e5f-6071-8192-a3b4c5d6e7fa','2026-01-21',7.77,5),
('0a1b2c3d-4e5f-6071-8192-a3b4c5d6e7fa','2026-01-22',7.26,4),
('0a1b2c3d-4e5f-6071-8192-a3b4c5d6e7fa','2026-01-23',7.82,4),
('0a1b2c3d-4e5f-6071-8192-a3b4c5d6e7fa','2026-01-25',6.88,3),
('0a1b2c3d-4e5f-6071-8192-a3b4c5d6e7fa','2026-01-26',8.75,2),
('0a1b2c3d-4e5f-6071-8192-a3b4c5d6e7f1','2026-01-27',7.12,4),
('0a1b2c3d-4e5f-6071-8192-a3b4c5d6e7f1','2026-01-28',6.45,3),
('0a1b2c3d-4e5f-6071-8192-a3b4c5d6e7f1','2026-01-29',8.21,5),
('0a1b2c3d-4e5f-6071-8192-a3b4c5d6e7f1','2026-01-31',7.58,4),
('0a1b2c3d-4e5f-6071-8192-a3b4c5d6e7f1','2026-02-01',6.93,3),
('0a1b2c3d-4e5f-6071-8192-a3b4c5d6e7f1','2026-02-02',7.84,4),
('0a1b2c3d-4e5f-6071-8192-a3b4c5d6e7f1','2026-02-03',8.12,5),
('0a1b2c3d-4e5f-6071-8192-a3b4c5d6e7f2','2026-01-27',6.78,3),
('0a1b2c3d-4e5f-6071-8192-a3b4c5d6e7f2','2026-01-28',7.92,5),
('0a1b2c3d-4e5f-6071-8192-a3b4c5d6e7f2','2026-01-30',8.15,4),
('0a1b2c3d-4e5f-6071-8192-a3b4c5d6e7f2','2026-01-31',6.34,2),
('0a1b2c3d-4e5f-6071-8192-a3b4c5d6e7f2','2026-02-01',7.67,4),
('0a1b2c3d-4e5f-6071-8192-a3b4c5d6e7f2','2026-02-02',8.43,5),
('0a1b2c3d-4e5f-6071-8192-a3b4c5d6e7f2','2026-02-03',7.21,3),
('0a1b2c3d-4e5f-6071-8192-a3b4c5d6e7f3','2026-01-27',8.34,4),
('0a1b2c3d-4e5f-6071-8192-a3b4c5d6e7f3','2026-01-28',6.12,3),
('0a1b2c3d-4e5f-6071-8192-a3b4c5d6e7f3','2026-01-29',7.45,5),
('0a1b2c3d-4e5f-6071-8192-a3b4c5d6e7f3','2026-01-30',5.89,2),
('0a1b2c3d-4e5f-6071-8192-a3b4c5d6e7f3','2026-02-01',8.02,4),
('0a1b2c3d-4e5f-6071-8192-a3b4c5d6e7f3','2026-02-02',7.36,3),
('0a1b2c3d-4e5f-6071-8192-a3b4c5d6e7f3','2026-02-03',6.78,4),
('0a1b2c3d-4e5f-6071-8192-a3b4c5d6e7f4','2026-01-27',7.89,5),
('0a1b2c3d-4e5f-6071-8192-a3b4c5d6e7f4','2026-01-28',6.56,3),
('0a1b2c3d-4e5f-6071-8192-a3b4c5d6e7f4','2026-01-29',8.34,4),
('0a1b2c3d-4e5f-6071-8192-a3b4c5d6e7f4','2026-01-30',7.12,2),
('0a1b2c3d-4e5f-6071-8192-a3b4c5d6e7f4','2026-01-31',6.89,4),
('0a1b2c3d-4e5f-6071-8192-a3b4c5d6e7f4','2026-02-01',8.45,5),
('0a1b2c3d-4e5f-6071-8192-a3b4c5d6e7f4','2026-02-03',7.23,3),
('0a1b2c3d-4e5f-6071-8192-a3b4c5d6e7f5','2026-01-27',6.92,4),
('0a1b2c3d-4e5f-6071-8192-a3b4c5d6e7f5','2026-01-29',8.67,5),
('0a1b2c3d-4e5f-6071-8192-a3b4c5d6e7f5','2026-01-30',7.34,3),
('0a1b2c3d-4e5f-6071-8192-a3b4c5d6e7f5','2026-01-31',6.78,4),
('0a1b2c3d-4e5f-6071-8192-a3b4c5d6e7f5','2026-02-01',8.12,5),
('0a1b2c3d-4e5f-6071-8192-a3b4c5d6e7f5','2026-02-02',7.56,3),
('0a1b2c3d-4e5f-6071-8192-a3b4c5d6e7f5','2026-02-03',6.89,4),
('0a1b2c3d-4e5f-6071-8192-a3b4c5d6e7f6','2026-01-27',7.45,3),
('0a1b2c3d-4e5f-6071-8192-a3b4c5d6e7f6','2026-01-28',8.23,5),
('0a1b2c3d-4e5f-6071-8192-a3b4c5d6e7f6','2026-01-29',6.67,2),
('0a1b2c3d-4e5f-6071-8192-a3b4c5d6e7f6','2026-01-31',7.89,4),
('0a1b2c3d-4e5f-6071-8192-a3b4c5d6e7f6','2026-02-01',8.56,5),
('0a1b2c3d-4e5f-6071-8192-a3b4c5d6e7f6','2026-02-02',6.34,3),
('0a1b2c3d-4e5f-6071-8192-a3b4c5d6e7f6','2026-02-03',7.78,4),
('0a1b2c3d-4e5f-6071-8192-a3b4c5d6e7f7','2026-01-27',6.23,2),
('0a1b2c3d-4e5f-6071-8192-a3b4c5d6e7f7','2026-01-28',8.45,5),
('0a1b2c3d-4e5f-6071-8192-a3b4c5d6e7f7','2026-01-29',7.12,3),
('0a1b2c3d-4e5f-6071-8192-a3b4c5d6e7f7','2026-01-30',6.89,4),
('0a1b2c3d-4e5f-6071-8192-a3b4c5d6e7f7','2026-01-31',8.34,5),
('0a1b2c3d-4e5f-6071-8192-a3b4c5d6e7f7','2026-02-02',7.67,3),
('0a1b2c3d-4e5f-6071-8192-a3b4c5d6e7f7','2026-02-03',6.45,4),
('0a1b2c3d-4e5f-6071-8192-a3b4c5d6e7f8','2026-01-27',8.12,4),
('0a1b2c3d-4e5f-6071-8192-a3b4c5d6e7f8','2026-01-28',6.78,3),
('0a1b2c3d-4e5f-6071-8192-a3b4c5d6e7f8','2026-01-30',7.45,5),
('0a1b2c3d-4e5f-6071-8192-a3b4c5d6e7f8','2026-01-31',8.67,4),
('0a1b2c3d-4e5f-6071-8192-a3b4c5d6e7f8','2026-02-01',6.23,2),
('0a1b2c3d-4e5f-6071-8192-a3b4c5d6e7f8','2026-02-02',7.89,5),
('0a1b2c3d-4e5f-6071-8192-a3b4c5d6e7f8','2026-02-03',8.34,4),
('0a1b2c3d-4e5f-6071-8192-a3b4c5d6e7f9','2026-01-27',7.56,3),
('0a1b2c3d-4e5f-6071-8192-a3b4c5d6e7f9','2026-01-28',6.34,4),
('0a1b2c3d-4e5f-6071-8192-a3b4c5d6e7f9','2026-01-29',8.23,5),
('0a1b2c3d-4e5f-6071-8192-a3b4c5d6e7f9','2026-01-30',7.12,2),
('0a1b2c3d-4e5f-6071-8192-a3b4c5d6e7f9','2026-02-01',6.89,4),
('0a1b2c3d-4e5f-6071-8192-a3b4c5d6e7f9','2026-02-02',8.45,5),
('0a1b2c3d-4e5f-6071-8192-a3b4c5d6e7f9','2026-02-03',7.34,3),
('0a1b2c3d-4e5f-6071-8192-a3b4c5d6e7fa','2026-01-27',6.67,4),
('0a1b2c3d-4e5f-6071-8192-a3b4c5d6e7fa','2026-01-28',8.12,5),
('0a1b2c3d-4e5f-6071-8192-a3b4c5d6e7fa','2026-01-29',7.45,3),
('0a1b2c3d-4e5f-6071-8192-a3b4c5d6e7fa','2026-01-31',6.23,2),
('0a1b2c3d-4e5f-6071-8192-a3b4c5d6e7fa','2026-02-01',8.56,5),
('0a1b2c3d-4e5f-6071-8192-a3b4c5d6e7fa','2026-02-02',7.89,4),
('0a1b2c3d-4e5f-6071-8192-a3b4c5d6e7fa','2026-02-03',6.78,3)
) AS v(member_id, log_date, sleep_hours, diet_quality);

-- table: workout_logs

INSERT INTO workout_logs (program_id, member_id, program_workout_id, log_date, duration)
SELECT
  '9c1c2c3c-4d5e-6f70-8a9b-0c1d2e3f4a5b'::uuid,
  v.member_id::uuid,
  v.program_workout_id::uuid,
  v.log_date::date,
  v.duration
FROM (VALUES
('0a1b2c3d-4e5f-6071-8192-a3b4c5d6e7f1','8a8b8c8d-8e8f-8071-8192-b1c2d3e4f504','2026-01-02',70),
('0a1b2c3d-4e5f-6071-8192-a3b4c5d6e7f1','8a8b8c8d-8e8f-8071-8192-b1c2d3e4f522','2026-01-03',50),
('0a1b2c3d-4e5f-6071-8192-a3b4c5d6e7f1','8a8b8c8d-8e8f-8071-8192-b1c2d3e4f523','2026-01-05',55),
('0a1b2c3d-4e5f-6071-8192-a3b4c5d6e7f1','8a8b8c8d-8e8f-8071-8192-b1c2d3e4f517','2026-01-08',68),
('0a1b2c3d-4e5f-6071-8192-a3b4c5d6e7f1','8a8b8c8d-8e8f-8071-8192-b1c2d3e4f508','2026-01-10',52),
('0a1b2c3d-4e5f-6071-8192-a3b4c5d6e7f1','8a8b8c8d-8e8f-8071-8192-b1c2d3e4f519','2026-01-11',49),
('0a1b2c3d-4e5f-6071-8192-a3b4c5d6e7f1','8a8b8c8d-8e8f-8071-8192-b1c2d3e4f522','2026-01-12',59),
('0a1b2c3d-4e5f-6071-8192-a3b4c5d6e7f1','8a8b8c8d-8e8f-8071-8192-b1c2d3e4f506','2026-01-13',55),
('0a1b2c3d-4e5f-6071-8192-a3b4c5d6e7f1','8a8b8c8d-8e8f-8071-8192-b1c2d3e4f513','2026-01-14',65),
('0a1b2c3d-4e5f-6071-8192-a3b4c5d6e7f1','8a8b8c8d-8e8f-8071-8192-b1c2d3e4f520','2026-01-16',70),
('0a1b2c3d-4e5f-6071-8192-a3b4c5d6e7f1','8a8b8c8d-8e8f-8071-8192-b1c2d3e4f524','2026-01-17',70),
('0a1b2c3d-4e5f-6071-8192-a3b4c5d6e7f1','8a8b8c8d-8e8f-8071-8192-b1c2d3e4f515','2026-01-20',45),
('0a1b2c3d-4e5f-6071-8192-a3b4c5d6e7f1','8a8b8c8d-8e8f-8071-8192-b1c2d3e4f515','2026-01-21',69),
('0a1b2c3d-4e5f-6071-8192-a3b4c5d6e7f1','8a8b8c8d-8e8f-8071-8192-b1c2d3e4f503','2026-01-22',46),
('0a1b2c3d-4e5f-6071-8192-a3b4c5d6e7f1','8a8b8c8d-8e8f-8071-8192-b1c2d3e4f514','2026-01-24',46),
('0a1b2c3d-4e5f-6071-8192-a3b4c5d6e7f1','8a8b8c8d-8e8f-8071-8192-b1c2d3e4f505','2026-01-26',33),
('0a1b2c3d-4e5f-6071-8192-a3b4c5d6e7f2','8a8b8c8d-8e8f-8071-8192-b1c2d3e4f501','2026-01-01',58),
('0a1b2c3d-4e5f-6071-8192-a3b4c5d6e7f2','8a8b8c8d-8e8f-8071-8192-b1c2d3e4f521','2026-01-02',40),
('0a1b2c3d-4e5f-6071-8192-a3b4c5d6e7f2','8a8b8c8d-8e8f-8071-8192-b1c2d3e4f509','2026-01-03',35),
('0a1b2c3d-4e5f-6071-8192-a3b4c5d6e7f2','8a8b8c8d-8e8f-8071-8192-b1c2d3e4f505','2026-01-04',52),
('0a1b2c3d-4e5f-6071-8192-a3b4c5d6e7f2','8a8b8c8d-8e8f-8071-8192-b1c2d3e4f520','2026-01-05',46),
('0a1b2c3d-4e5f-6071-8192-a3b4c5d6e7f2','8a8b8c8d-8e8f-8071-8192-b1c2d3e4f515','2026-01-06',68),
('0a1b2c3d-4e5f-6071-8192-a3b4c5d6e7f2','8a8b8c8d-8e8f-8071-8192-b1c2d3e4f504','2026-01-07',61),
('0a1b2c3d-4e5f-6071-8192-a3b4c5d6e7f2','8a8b8c8d-8e8f-8071-8192-b1c2d3e4f505','2026-01-08',68),
('0a1b2c3d-4e5f-6071-8192-a3b4c5d6e7f2','8a8b8c8d-8e8f-8071-8192-b1c2d3e4f513','2026-01-09',37),
('0a1b2c3d-4e5f-6071-8192-a3b4c5d6e7f2','8a8b8c8d-8e8f-8071-8192-b1c2d3e4f510','2026-01-13',29),
('0a1b2c3d-4e5f-6071-8192-a3b4c5d6e7f2','8a8b8c8d-8e8f-8071-8192-b1c2d3e4f523','2026-01-15',67),
('0a1b2c3d-4e5f-6071-8192-a3b4c5d6e7f2','8a8b8c8d-8e8f-8071-8192-b1c2d3e4f510','2026-01-16',30),
('0a1b2c3d-4e5f-6071-8192-a3b4c5d6e7f2','8a8b8c8d-8e8f-8071-8192-b1c2d3e4f508','2026-01-17',67),
('0a1b2c3d-4e5f-6071-8192-a3b4c5d6e7f2','8a8b8c8d-8e8f-8071-8192-b1c2d3e4f510','2026-01-18',15),
('0a1b2c3d-4e5f-6071-8192-a3b4c5d6e7f2','8a8b8c8d-8e8f-8071-8192-b1c2d3e4f508','2026-01-20',59),
('0a1b2c3d-4e5f-6071-8192-a3b4c5d6e7f2','8a8b8c8d-8e8f-8071-8192-b1c2d3e4f503','2026-01-22',39),
('0a1b2c3d-4e5f-6071-8192-a3b4c5d6e7f2','8a8b8c8d-8e8f-8071-8192-b1c2d3e4f516','2026-01-24',67),
('0a1b2c3d-4e5f-6071-8192-a3b4c5d6e7f2','8a8b8c8d-8e8f-8071-8192-b1c2d3e4f507','2026-01-25',41),
('0a1b2c3d-4e5f-6071-8192-a3b4c5d6e7f2','8a8b8c8d-8e8f-8071-8192-b1c2d3e4f502','2026-01-26',37),
('0a1b2c3d-4e5f-6071-8192-a3b4c5d6e7f3','8a8b8c8d-8e8f-8071-8192-b1c2d3e4f502','2026-01-01',49),
('0a1b2c3d-4e5f-6071-8192-a3b4c5d6e7f3','8a8b8c8d-8e8f-8071-8192-b1c2d3e4f510','2026-01-02',29),
('0a1b2c3d-4e5f-6071-8192-a3b4c5d6e7f3','8a8b8c8d-8e8f-8071-8192-b1c2d3e4f523','2026-01-03',39),
('0a1b2c3d-4e5f-6071-8192-a3b4c5d6e7f3','8a8b8c8d-8e8f-8071-8192-b1c2d3e4f502','2026-01-04',36),
('0a1b2c3d-4e5f-6071-8192-a3b4c5d6e7f3','8a8b8c8d-8e8f-8071-8192-b1c2d3e4f509','2026-01-07',30),
('0a1b2c3d-4e5f-6071-8192-a3b4c5d6e7f3','8a8b8c8d-8e8f-8071-8192-b1c2d3e4f508','2026-01-08',53),
('0a1b2c3d-4e5f-6071-8192-a3b4c5d6e7f3','8a8b8c8d-8e8f-8071-8192-b1c2d3e4f518','2026-01-09',58),
('0a1b2c3d-4e5f-6071-8192-a3b4c5d6e7f3','8a8b8c8d-8e8f-8071-8192-b1c2d3e4f514','2026-01-10',59),
('0a1b2c3d-4e5f-6071-8192-a3b4c5d6e7f3','8a8b8c8d-8e8f-8071-8192-b1c2d3e4f524','2026-01-11',66),
('0a1b2c3d-4e5f-6071-8192-a3b4c5d6e7f3','8a8b8c8d-8e8f-8071-8192-b1c2d3e4f507','2026-01-12',65),
('0a1b2c3d-4e5f-6071-8192-a3b4c5d6e7f3','8a8b8c8d-8e8f-8071-8192-b1c2d3e4f514','2026-01-13',51),
('0a1b2c3d-4e5f-6071-8192-a3b4c5d6e7f3','8a8b8c8d-8e8f-8071-8192-b1c2d3e4f510','2026-01-14',45),
('0a1b2c3d-4e5f-6071-8192-a3b4c5d6e7f3','8a8b8c8d-8e8f-8071-8192-b1c2d3e4f520','2026-01-15',72),
('0a1b2c3d-4e5f-6071-8192-a3b4c5d6e7f3','8a8b8c8d-8e8f-8071-8192-b1c2d3e4f519','2026-01-16',36),
('0a1b2c3d-4e5f-6071-8192-a3b4c5d6e7f3','8a8b8c8d-8e8f-8071-8192-b1c2d3e4f517','2026-01-18',50),
('0a1b2c3d-4e5f-6071-8192-a3b4c5d6e7f3','8a8b8c8d-8e8f-8071-8192-b1c2d3e4f516','2026-01-19',65),
('0a1b2c3d-4e5f-6071-8192-a3b4c5d6e7f3','8a8b8c8d-8e8f-8071-8192-b1c2d3e4f510','2026-01-20',22),
('0a1b2c3d-4e5f-6071-8192-a3b4c5d6e7f3','8a8b8c8d-8e8f-8071-8192-b1c2d3e4f516','2026-01-22',61),
('0a1b2c3d-4e5f-6071-8192-a3b4c5d6e7f3','8a8b8c8d-8e8f-8071-8192-b1c2d3e4f514','2026-01-23',55),
('0a1b2c3d-4e5f-6071-8192-a3b4c5d6e7f3','8a8b8c8d-8e8f-8071-8192-b1c2d3e4f504','2026-01-24',69),
('0a1b2c3d-4e5f-6071-8192-a3b4c5d6e7f3','8a8b8c8d-8e8f-8071-8192-b1c2d3e4f506','2026-01-26',58),
('0a1b2c3d-4e5f-6071-8192-a3b4c5d6e7f4','8a8b8c8d-8e8f-8071-8192-b1c2d3e4f502','2026-01-04',63),
('0a1b2c3d-4e5f-6071-8192-a3b4c5d6e7f4','8a8b8c8d-8e8f-8071-8192-b1c2d3e4f523','2026-01-05',63),
('0a1b2c3d-4e5f-6071-8192-a3b4c5d6e7f4','8a8b8c8d-8e8f-8071-8192-b1c2d3e4f506','2026-01-07',43),
('0a1b2c3d-4e5f-6071-8192-a3b4c5d6e7f4','8a8b8c8d-8e8f-8071-8192-b1c2d3e4f503','2026-01-08',54),
('0a1b2c3d-4e5f-6071-8192-a3b4c5d6e7f4','8a8b8c8d-8e8f-8071-8192-b1c2d3e4f522','2026-01-09',39),
('0a1b2c3d-4e5f-6071-8192-a3b4c5d6e7f4','8a8b8c8d-8e8f-8071-8192-b1c2d3e4f510','2026-01-11',22),
('0a1b2c3d-4e5f-6071-8192-a3b4c5d6e7f4','8a8b8c8d-8e8f-8071-8192-b1c2d3e4f519','2026-01-12',31),
('0a1b2c3d-4e5f-6071-8192-a3b4c5d6e7f4','8a8b8c8d-8e8f-8071-8192-b1c2d3e4f520','2026-01-13',62),
('0a1b2c3d-4e5f-6071-8192-a3b4c5d6e7f4','8a8b8c8d-8e8f-8071-8192-b1c2d3e4f506','2026-01-14',70),
('0a1b2c3d-4e5f-6071-8192-a3b4c5d6e7f4','8a8b8c8d-8e8f-8071-8192-b1c2d3e4f517','2026-01-16',49),
('0a1b2c3d-4e5f-6071-8192-a3b4c5d6e7f4','8a8b8c8d-8e8f-8071-8192-b1c2d3e4f504','2026-01-17',73),
('0a1b2c3d-4e5f-6071-8192-a3b4c5d6e7f4','8a8b8c8d-8e8f-8071-8192-b1c2d3e4f518','2026-01-19',52),
('0a1b2c3d-4e5f-6071-8192-a3b4c5d6e7f4','8a8b8c8d-8e8f-8071-8192-b1c2d3e4f518','2026-01-20',54),
('0a1b2c3d-4e5f-6071-8192-a3b4c5d6e7f4','8a8b8c8d-8e8f-8071-8192-b1c2d3e4f524','2026-01-21',65),
('0a1b2c3d-4e5f-6071-8192-a3b4c5d6e7f4','8a8b8c8d-8e8f-8071-8192-b1c2d3e4f510','2026-01-22',40),
('0a1b2c3d-4e5f-6071-8192-a3b4c5d6e7f4','8a8b8c8d-8e8f-8071-8192-b1c2d3e4f504','2026-01-23',31),
('0a1b2c3d-4e5f-6071-8192-a3b4c5d6e7f4','8a8b8c8d-8e8f-8071-8192-b1c2d3e4f523','2026-01-24',68),
('0a1b2c3d-4e5f-6071-8192-a3b4c5d6e7f4','8a8b8c8d-8e8f-8071-8192-b1c2d3e4f512','2026-01-25',27),
('0a1b2c3d-4e5f-6071-8192-a3b4c5d6e7f4','8a8b8c8d-8e8f-8071-8192-b1c2d3e4f502','2026-01-26',43),
('0a1b2c3d-4e5f-6071-8192-a3b4c5d6e7f5','8a8b8c8d-8e8f-8071-8192-b1c2d3e4f516','2026-01-02',54),
('0a1b2c3d-4e5f-6071-8192-a3b4c5d6e7f5','8a8b8c8d-8e8f-8071-8192-b1c2d3e4f517','2026-01-03',41),
('0a1b2c3d-4e5f-6071-8192-a3b4c5d6e7f5','8a8b8c8d-8e8f-8071-8192-b1c2d3e4f512','2026-01-04',28),
('0a1b2c3d-4e5f-6071-8192-a3b4c5d6e7f5','8a8b8c8d-8e8f-8071-8192-b1c2d3e4f504','2026-01-05',75),
('0a1b2c3d-4e5f-6071-8192-a3b4c5d6e7f5','8a8b8c8d-8e8f-8071-8192-b1c2d3e4f524','2026-01-06',53),
('0a1b2c3d-4e5f-6071-8192-a3b4c5d6e7f5','8a8b8c8d-8e8f-8071-8192-b1c2d3e4f511','2026-01-07',30),
('0a1b2c3d-4e5f-6071-8192-a3b4c5d6e7f5','8a8b8c8d-8e8f-8071-8192-b1c2d3e4f507','2026-01-08',60),
('0a1b2c3d-4e5f-6071-8192-a3b4c5d6e7f5','8a8b8c8d-8e8f-8071-8192-b1c2d3e4f504','2026-01-09',59),
('0a1b2c3d-4e5f-6071-8192-a3b4c5d6e7f5','8a8b8c8d-8e8f-8071-8192-b1c2d3e4f508','2026-01-10',71),
('0a1b2c3d-4e5f-6071-8192-a3b4c5d6e7f5','8a8b8c8d-8e8f-8071-8192-b1c2d3e4f501','2026-01-11',64),
('0a1b2c3d-4e5f-6071-8192-a3b4c5d6e7f5','8a8b8c8d-8e8f-8071-8192-b1c2d3e4f501','2026-01-12',61),
('0a1b2c3d-4e5f-6071-8192-a3b4c5d6e7f5','8a8b8c8d-8e8f-8071-8192-b1c2d3e4f511','2026-01-14',35),
('0a1b2c3d-4e5f-6071-8192-a3b4c5d6e7f5','8a8b8c8d-8e8f-8071-8192-b1c2d3e4f523','2026-01-15',47),
('0a1b2c3d-4e5f-6071-8192-a3b4c5d6e7f5','8a8b8c8d-8e8f-8071-8192-b1c2d3e4f517','2026-01-16',53),
('0a1b2c3d-4e5f-6071-8192-a3b4c5d6e7f5','8a8b8c8d-8e8f-8071-8192-b1c2d3e4f516','2026-01-17',47),
('0a1b2c3d-4e5f-6071-8192-a3b4c5d6e7f5','8a8b8c8d-8e8f-8071-8192-b1c2d3e4f521','2026-01-18',32),
('0a1b2c3d-4e5f-6071-8192-a3b4c5d6e7f5','8a8b8c8d-8e8f-8071-8192-b1c2d3e4f509','2026-01-19',38),
('0a1b2c3d-4e5f-6071-8192-a3b4c5d6e7f5','8a8b8c8d-8e8f-8071-8192-b1c2d3e4f519','2026-01-20',52),
('0a1b2c3d-4e5f-6071-8192-a3b4c5d6e7f5','8a8b8c8d-8e8f-8071-8192-b1c2d3e4f503','2026-01-22',56),
('0a1b2c3d-4e5f-6071-8192-a3b4c5d6e7f5','8a8b8c8d-8e8f-8071-8192-b1c2d3e4f512','2026-01-23',15),
('0a1b2c3d-4e5f-6071-8192-a3b4c5d6e7f5','8a8b8c8d-8e8f-8071-8192-b1c2d3e4f507','2026-01-24',32),
('0a1b2c3d-4e5f-6071-8192-a3b4c5d6e7f5','8a8b8c8d-8e8f-8071-8192-b1c2d3e4f509','2026-01-25',15),
('0a1b2c3d-4e5f-6071-8192-a3b4c5d6e7f5','8a8b8c8d-8e8f-8071-8192-b1c2d3e4f506','2026-01-26',30),
('0a1b2c3d-4e5f-6071-8192-a3b4c5d6e7f6','8a8b8c8d-8e8f-8071-8192-b1c2d3e4f519','2026-01-01',26),
('0a1b2c3d-4e5f-6071-8192-a3b4c5d6e7f6','8a8b8c8d-8e8f-8071-8192-b1c2d3e4f521','2026-01-02',48),
('0a1b2c3d-4e5f-6071-8192-a3b4c5d6e7f6','8a8b8c8d-8e8f-8071-8192-b1c2d3e4f512','2026-01-05',27),
('0a1b2c3d-4e5f-6071-8192-a3b4c5d6e7f6','8a8b8c8d-8e8f-8071-8192-b1c2d3e4f504','2026-01-08',37),
('0a1b2c3d-4e5f-6071-8192-a3b4c5d6e7f6','8a8b8c8d-8e8f-8071-8192-b1c2d3e4f508','2026-01-10',34),
('0a1b2c3d-4e5f-6071-8192-a3b4c5d6e7f6','8a8b8c8d-8e8f-8071-8192-b1c2d3e4f519','2026-01-11',42),
('0a1b2c3d-4e5f-6071-8192-a3b4c5d6e7f6','8a8b8c8d-8e8f-8071-8192-b1c2d3e4f506','2026-01-12',32),
('0a1b2c3d-4e5f-6071-8192-a3b4c5d6e7f6','8a8b8c8d-8e8f-8071-8192-b1c2d3e4f522','2026-01-13',48),
('0a1b2c3d-4e5f-6071-8192-a3b4c5d6e7f6','8a8b8c8d-8e8f-8071-8192-b1c2d3e4f508','2026-01-14',28),
('0a1b2c3d-4e5f-6071-8192-a3b4c5d6e7f6','8a8b8c8d-8e8f-8071-8192-b1c2d3e4f523','2026-01-15',43),
('0a1b2c3d-4e5f-6071-8192-a3b4c5d6e7f6','8a8b8c8d-8e8f-8071-8192-b1c2d3e4f510','2026-01-16',20),
('0a1b2c3d-4e5f-6071-8192-a3b4c5d6e7f6','8a8b8c8d-8e8f-8071-8192-b1c2d3e4f523','2026-01-18',51),
('0a1b2c3d-4e5f-6071-8192-a3b4c5d6e7f6','8a8b8c8d-8e8f-8071-8192-b1c2d3e4f516','2026-01-19',68),
('0a1b2c3d-4e5f-6071-8192-a3b4c5d6e7f6','8a8b8c8d-8e8f-8071-8192-b1c2d3e4f504','2026-01-20',34),
('0a1b2c3d-4e5f-6071-8192-a3b4c5d6e7f6','8a8b8c8d-8e8f-8071-8192-b1c2d3e4f511','2026-01-21',42),
('0a1b2c3d-4e5f-6071-8192-a3b4c5d6e7f6','8a8b8c8d-8e8f-8071-8192-b1c2d3e4f515','2026-01-22',48),
('0a1b2c3d-4e5f-6071-8192-a3b4c5d6e7f6','8a8b8c8d-8e8f-8071-8192-b1c2d3e4f513','2026-01-25',64),
('0a1b2c3d-4e5f-6071-8192-a3b4c5d6e7f6','8a8b8c8d-8e8f-8071-8192-b1c2d3e4f501','2026-01-26',63),
('0a1b2c3d-4e5f-6071-8192-a3b4c5d6e7f7','8a8b8c8d-8e8f-8071-8192-b1c2d3e4f524','2026-01-01',34),
('0a1b2c3d-4e5f-6071-8192-a3b4c5d6e7f7','8a8b8c8d-8e8f-8071-8192-b1c2d3e4f524','2026-01-02',56),
('0a1b2c3d-4e5f-6071-8192-a3b4c5d6e7f7','8a8b8c8d-8e8f-8071-8192-b1c2d3e4f504','2026-01-03',35),
('0a1b2c3d-4e5f-6071-8192-a3b4c5d6e7f7','8a8b8c8d-8e8f-8071-8192-b1c2d3e4f514','2026-01-04',41),
('0a1b2c3d-4e5f-6071-8192-a3b4c5d6e7f7','8a8b8c8d-8e8f-8071-8192-b1c2d3e4f523','2026-01-05',35),
('0a1b2c3d-4e5f-6071-8192-a3b4c5d6e7f7','8a8b8c8d-8e8f-8071-8192-b1c2d3e4f506','2026-01-07',38),
('0a1b2c3d-4e5f-6071-8192-a3b4c5d6e7f7','8a8b8c8d-8e8f-8071-8192-b1c2d3e4f521','2026-01-08',34),
('0a1b2c3d-4e5f-6071-8192-a3b4c5d6e7f7','8a8b8c8d-8e8f-8071-8192-b1c2d3e4f505','2026-01-09',58),
('0a1b2c3d-4e5f-6071-8192-a3b4c5d6e7f7','8a8b8c8d-8e8f-8071-8192-b1c2d3e4f514','2026-01-10',38),
('0a1b2c3d-4e5f-6071-8192-a3b4c5d6e7f7','8a8b8c8d-8e8f-8071-8192-b1c2d3e4f509','2026-01-11',36),
('0a1b2c3d-4e5f-6071-8192-a3b4c5d6e7f7','8a8b8c8d-8e8f-8071-8192-b1c2d3e4f507','2026-01-12',56),
('0a1b2c3d-4e5f-6071-8192-a3b4c5d6e7f7','8a8b8c8d-8e8f-8071-8192-b1c2d3e4f523','2026-01-13',56),
('0a1b2c3d-4e5f-6071-8192-a3b4c5d6e7f7','8a8b8c8d-8e8f-8071-8192-b1c2d3e4f504','2026-01-18',52),
('0a1b2c3d-4e5f-6071-8192-a3b4c5d6e7f7','8a8b8c8d-8e8f-8071-8192-b1c2d3e4f509','2026-01-19',32),
('0a1b2c3d-4e5f-6071-8192-a3b4c5d6e7f7','8a8b8c8d-8e8f-8071-8192-b1c2d3e4f511','2026-01-20',22),
('0a1b2c3d-4e5f-6071-8192-a3b4c5d6e7f7','8a8b8c8d-8e8f-8071-8192-b1c2d3e4f517','2026-01-21',49),
('0a1b2c3d-4e5f-6071-8192-a3b4c5d6e7f7','8a8b8c8d-8e8f-8071-8192-b1c2d3e4f522','2026-01-22',42),
('0a1b2c3d-4e5f-6071-8192-a3b4c5d6e7f7','8a8b8c8d-8e8f-8071-8192-b1c2d3e4f514','2026-01-23',39),
('0a1b2c3d-4e5f-6071-8192-a3b4c5d6e7f7','8a8b8c8d-8e8f-8071-8192-b1c2d3e4f511','2026-01-25',42),
('0a1b2c3d-4e5f-6071-8192-a3b4c5d6e7f7','8a8b8c8d-8e8f-8071-8192-b1c2d3e4f513','2026-01-26',39),
('0a1b2c3d-4e5f-6071-8192-a3b4c5d6e7f8','8a8b8c8d-8e8f-8071-8192-b1c2d3e4f504','2026-01-01',49),
('0a1b2c3d-4e5f-6071-8192-a3b4c5d6e7f8','8a8b8c8d-8e8f-8071-8192-b1c2d3e4f514','2026-01-03',49),
('0a1b2c3d-4e5f-6071-8192-a3b4c5d6e7f8','8a8b8c8d-8e8f-8071-8192-b1c2d3e4f503','2026-01-04',66),
('0a1b2c3d-4e5f-6071-8192-a3b4c5d6e7f8','8a8b8c8d-8e8f-8071-8192-b1c2d3e4f502','2026-01-05',68),
('0a1b2c3d-4e5f-6071-8192-a3b4c5d6e7f8','8a8b8c8d-8e8f-8071-8192-b1c2d3e4f515','2026-01-06',70),
('0a1b2c3d-4e5f-6071-8192-a3b4c5d6e7f8','8a8b8c8d-8e8f-8071-8192-b1c2d3e4f512','2026-01-08',33),
('0a1b2c3d-4e5f-6071-8192-a3b4c5d6e7f8','8a8b8c8d-8e8f-8071-8192-b1c2d3e4f522','2026-01-09',44),
('0a1b2c3d-4e5f-6071-8192-a3b4c5d6e7f8','8a8b8c8d-8e8f-8071-8192-b1c2d3e4f509','2026-01-10',20),
('0a1b2c3d-4e5f-6071-8192-a3b4c5d6e7f8','8a8b8c8d-8e8f-8071-8192-b1c2d3e4f516','2026-01-13',60),
('0a1b2c3d-4e5f-6071-8192-a3b4c5d6e7f8','8a8b8c8d-8e8f-8071-8192-b1c2d3e4f506','2026-01-14',32),
('0a1b2c3d-4e5f-6071-8192-a3b4c5d6e7f8','8a8b8c8d-8e8f-8071-8192-b1c2d3e4f513','2026-01-15',66),
('0a1b2c3d-4e5f-6071-8192-a3b4c5d6e7f8','8a8b8c8d-8e8f-8071-8192-b1c2d3e4f511','2026-01-16',31),
('0a1b2c3d-4e5f-6071-8192-a3b4c5d6e7f8','8a8b8c8d-8e8f-8071-8192-b1c2d3e4f521','2026-01-17',59),
('0a1b2c3d-4e5f-6071-8192-a3b4c5d6e7f8','8a8b8c8d-8e8f-8071-8192-b1c2d3e4f505','2026-01-18',70),
('0a1b2c3d-4e5f-6071-8192-a3b4c5d6e7f8','8a8b8c8d-8e8f-8071-8192-b1c2d3e4f520','2026-01-19',52),
('0a1b2c3d-4e5f-6071-8192-a3b4c5d6e7f8','8a8b8c8d-8e8f-8071-8192-b1c2d3e4f518','2026-01-20',64),
('0a1b2c3d-4e5f-6071-8192-a3b4c5d6e7f8','8a8b8c8d-8e8f-8071-8192-b1c2d3e4f508','2026-01-22',74),
('0a1b2c3d-4e5f-6071-8192-a3b4c5d6e7f8','8a8b8c8d-8e8f-8071-8192-b1c2d3e4f518','2026-01-23',58),
('0a1b2c3d-4e5f-6071-8192-a3b4c5d6e7f8','8a8b8c8d-8e8f-8071-8192-b1c2d3e4f517','2026-01-24',46),
('0a1b2c3d-4e5f-6071-8192-a3b4c5d6e7f8','8a8b8c8d-8e8f-8071-8192-b1c2d3e4f504','2026-01-25',42),
('0a1b2c3d-4e5f-6071-8192-a3b4c5d6e7f8','8a8b8c8d-8e8f-8071-8192-b1c2d3e4f508','2026-01-26',35),
('0a1b2c3d-4e5f-6071-8192-a3b4c5d6e7f9','8a8b8c8d-8e8f-8071-8192-b1c2d3e4f523','2026-01-01',58),
('0a1b2c3d-4e5f-6071-8192-a3b4c5d6e7f9','8a8b8c8d-8e8f-8071-8192-b1c2d3e4f524','2026-01-02',31),
('0a1b2c3d-4e5f-6071-8192-a3b4c5d6e7f9','8a8b8c8d-8e8f-8071-8192-b1c2d3e4f517','2026-01-03',37),
('0a1b2c3d-4e5f-6071-8192-a3b4c5d6e7f9','8a8b8c8d-8e8f-8071-8192-b1c2d3e4f504','2026-01-04',29),
('0a1b2c3d-4e5f-6071-8192-a3b4c5d6e7f9','8a8b8c8d-8e8f-8071-8192-b1c2d3e4f510','2026-01-05',37),
('0a1b2c3d-4e5f-6071-8192-a3b4c5d6e7f9','8a8b8c8d-8e8f-8071-8192-b1c2d3e4f514','2026-01-08',39),
('0a1b2c3d-4e5f-6071-8192-a3b4c5d6e7f9','8a8b8c8d-8e8f-8071-8192-b1c2d3e4f504','2026-01-10',62),
('0a1b2c3d-4e5f-6071-8192-a3b4c5d6e7f9','8a8b8c8d-8e8f-8071-8192-b1c2d3e4f518','2026-01-11',35),
('0a1b2c3d-4e5f-6071-8192-a3b4c5d6e7f9','8a8b8c8d-8e8f-8071-8192-b1c2d3e4f509','2026-01-14',16),
('0a1b2c3d-4e5f-6071-8192-a3b4c5d6e7f9','8a8b8c8d-8e8f-8071-8192-b1c2d3e4f504','2026-01-15',33),
('0a1b2c3d-4e5f-6071-8192-a3b4c5d6e7f9','8a8b8c8d-8e8f-8071-8192-b1c2d3e4f515','2026-01-16',50),
('0a1b2c3d-4e5f-6071-8192-a3b4c5d6e7f9','8a8b8c8d-8e8f-8071-8192-b1c2d3e4f507','2026-01-18',57),
('0a1b2c3d-4e5f-6071-8192-a3b4c5d6e7f9','8a8b8c8d-8e8f-8071-8192-b1c2d3e4f514','2026-01-22',46),
('0a1b2c3d-4e5f-6071-8192-a3b4c5d6e7f9','8a8b8c8d-8e8f-8071-8192-b1c2d3e4f518','2026-01-23',69),
('0a1b2c3d-4e5f-6071-8192-a3b4c5d6e7f9','8a8b8c8d-8e8f-8071-8192-b1c2d3e4f508','2026-01-24',53),
('0a1b2c3d-4e5f-6071-8192-a3b4c5d6e7f9','8a8b8c8d-8e8f-8071-8192-b1c2d3e4f503','2026-01-25',66),
('0a1b2c3d-4e5f-6071-8192-a3b4c5d6e7fa','8a8b8c8d-8e8f-8071-8192-b1c2d3e4f513','2026-01-01',52),
('0a1b2c3d-4e5f-6071-8192-a3b4c5d6e7fa','8a8b8c8d-8e8f-8071-8192-b1c2d3e4f513','2026-01-04',63),
('0a1b2c3d-4e5f-6071-8192-a3b4c5d6e7fa','8a8b8c8d-8e8f-8071-8192-b1c2d3e4f503','2026-01-05',54),
('0a1b2c3d-4e5f-6071-8192-a3b4c5d6e7fa','8a8b8c8d-8e8f-8071-8192-b1c2d3e4f519','2026-01-06',72),
('0a1b2c3d-4e5f-6071-8192-a3b4c5d6e7fa','8a8b8c8d-8e8f-8071-8192-b1c2d3e4f502','2026-01-07',36),
('0a1b2c3d-4e5f-6071-8192-a3b4c5d6e7fa','8a8b8c8d-8e8f-8071-8192-b1c2d3e4f518','2026-01-08',62),
('0a1b2c3d-4e5f-6071-8192-a3b4c5d6e7fa','8a8b8c8d-8e8f-8071-8192-b1c2d3e4f519','2026-01-10',41),
('0a1b2c3d-4e5f-6071-8192-a3b4c5d6e7fa','8a8b8c8d-8e8f-8071-8192-b1c2d3e4f509','2026-01-13',37),
('0a1b2c3d-4e5f-6071-8192-a3b4c5d6e7fa','8a8b8c8d-8e8f-8071-8192-b1c2d3e4f509','2026-01-14',20),
('0a1b2c3d-4e5f-6071-8192-a3b4c5d6e7fa','8a8b8c8d-8e8f-8071-8192-b1c2d3e4f518','2026-01-16',38),
('0a1b2c3d-4e5f-6071-8192-a3b4c5d6e7fa','8a8b8c8d-8e8f-8071-8192-b1c2d3e4f510','2026-01-17',27),
('0a1b2c3d-4e5f-6071-8192-a3b4c5d6e7fa','8a8b8c8d-8e8f-8071-8192-b1c2d3e4f522','2026-01-18',51),
('0a1b2c3d-4e5f-6071-8192-a3b4c5d6e7fa','8a8b8c8d-8e8f-8071-8192-b1c2d3e4f524','2026-01-19',41),
('0a1b2c3d-4e5f-6071-8192-a3b4c5d6e7fa','8a8b8c8d-8e8f-8071-8192-b1c2d3e4f503','2026-01-20',38),
('0a1b2c3d-4e5f-6071-8192-a3b4c5d6e7fa','8a8b8c8d-8e8f-8071-8192-b1c2d3e4f501','2026-01-21',47),
('0a1b2c3d-4e5f-6071-8192-a3b4c5d6e7fa','8a8b8c8d-8e8f-8071-8192-b1c2d3e4f519','2026-01-22',40),
('0a1b2c3d-4e5f-6071-8192-a3b4c5d6e7fa','8a8b8c8d-8e8f-8071-8192-b1c2d3e4f512','2026-01-23',21),
('0a1b2c3d-4e5f-6071-8192-a3b4c5d6e7fa','8a8b8c8d-8e8f-8071-8192-b1c2d3e4f512','2026-01-24',33),
('0a1b2c3d-4e5f-6071-8192-a3b4c5d6e7f1','8a8b8c8d-8e8f-8071-8192-b1c2d3e4f507','2026-01-27',45),
('0a1b2c3d-4e5f-6071-8192-a3b4c5d6e7f1','8a8b8c8d-8e8f-8071-8192-b1c2d3e4f511','2026-01-28',32),
('0a1b2c3d-4e5f-6071-8192-a3b4c5d6e7f1','8a8b8c8d-8e8f-8071-8192-b1c2d3e4f518','2026-01-30',58),
('0a1b2c3d-4e5f-6071-8192-a3b4c5d6e7f1','8a8b8c8d-8e8f-8071-8192-b1c2d3e4f502','2026-02-01',62),
('0a1b2c3d-4e5f-6071-8192-a3b4c5d6e7f1','8a8b8c8d-8e8f-8071-8192-b1c2d3e4f509','2026-02-02',35),
('0a1b2c3d-4e5f-6071-8192-a3b4c5d6e7f1','8a8b8c8d-8e8f-8071-8192-b1c2d3e4f516','2026-02-03',55),
('0a1b2c3d-4e5f-6071-8192-a3b4c5d6e7f2','8a8b8c8d-8e8f-8071-8192-b1c2d3e4f514','2026-01-27',48),
('0a1b2c3d-4e5f-6071-8192-a3b4c5d6e7f2','8a8b8c8d-8e8f-8071-8192-b1c2d3e4f519','2026-01-29',42),
('0a1b2c3d-4e5f-6071-8192-a3b4c5d6e7f2','8a8b8c8d-8e8f-8071-8192-b1c2d3e4f506','2026-01-30',38),
('0a1b2c3d-4e5f-6071-8192-a3b4c5d6e7f2','8a8b8c8d-8e8f-8071-8192-b1c2d3e4f522','2026-01-31',52),
('0a1b2c3d-4e5f-6071-8192-a3b4c5d6e7f2','8a8b8c8d-8e8f-8071-8192-b1c2d3e4f501','2026-02-02',65),
('0a1b2c3d-4e5f-6071-8192-a3b4c5d6e7f2','8a8b8c8d-8e8f-8071-8192-b1c2d3e4f517','2026-02-03',47),
('0a1b2c3d-4e5f-6071-8192-a3b4c5d6e7f3','8a8b8c8d-8e8f-8071-8192-b1c2d3e4f521','2026-01-27',40),
('0a1b2c3d-4e5f-6071-8192-a3b4c5d6e7f3','8a8b8c8d-8e8f-8071-8192-b1c2d3e4f503','2026-01-28',55),
('0a1b2c3d-4e5f-6071-8192-a3b4c5d6e7f3','8a8b8c8d-8e8f-8071-8192-b1c2d3e4f511','2026-01-30',28),
('0a1b2c3d-4e5f-6071-8192-a3b4c5d6e7f3','8a8b8c8d-8e8f-8071-8192-b1c2d3e4f515','2026-01-31',60),
('0a1b2c3d-4e5f-6071-8192-a3b4c5d6e7f3','8a8b8c8d-8e8f-8071-8192-b1c2d3e4f508','2026-02-01',45),
('0a1b2c3d-4e5f-6071-8192-a3b4c5d6e7f3','8a8b8c8d-8e8f-8071-8192-b1c2d3e4f524','2026-02-03',58),
('0a1b2c3d-4e5f-6071-8192-a3b4c5d6e7f4','8a8b8c8d-8e8f-8071-8192-b1c2d3e4f509','2026-01-27',25),
('0a1b2c3d-4e5f-6071-8192-a3b4c5d6e7f4','8a8b8c8d-8e8f-8071-8192-b1c2d3e4f513','2026-01-28',68),
('0a1b2c3d-4e5f-6071-8192-a3b4c5d6e7f4','8a8b8c8d-8e8f-8071-8192-b1c2d3e4f507','2026-01-29',52),
('0a1b2c3d-4e5f-6071-8192-a3b4c5d6e7f4','8a8b8c8d-8e8f-8071-8192-b1c2d3e4f520','2026-01-31',48),
('0a1b2c3d-4e5f-6071-8192-a3b4c5d6e7f4','8a8b8c8d-8e8f-8071-8192-b1c2d3e4f501','2026-02-01',72),
('0a1b2c3d-4e5f-6071-8192-a3b4c5d6e7f4','8a8b8c8d-8e8f-8071-8192-b1c2d3e4f511','2026-02-02',30),
('0a1b2c3d-4e5f-6071-8192-a3b4c5d6e7f4','8a8b8c8d-8e8f-8071-8192-b1c2d3e4f514','2026-02-03',44),
('0a1b2c3d-4e5f-6071-8192-a3b4c5d6e7f5','8a8b8c8d-8e8f-8071-8192-b1c2d3e4f502','2026-01-27',58),
('0a1b2c3d-4e5f-6071-8192-a3b4c5d6e7f5','8a8b8c8d-8e8f-8071-8192-b1c2d3e4f518','2026-01-28',62),
('0a1b2c3d-4e5f-6071-8192-a3b4c5d6e7f5','8a8b8c8d-8e8f-8071-8192-b1c2d3e4f510','2026-01-30',22),
('0a1b2c3d-4e5f-6071-8192-a3b4c5d6e7f5','8a8b8c8d-8e8f-8071-8192-b1c2d3e4f522','2026-02-01',48),
('0a1b2c3d-4e5f-6071-8192-a3b4c5d6e7f5','8a8b8c8d-8e8f-8071-8192-b1c2d3e4f505','2026-02-02',55),
('0a1b2c3d-4e5f-6071-8192-a3b4c5d6e7f5','8a8b8c8d-8e8f-8071-8192-b1c2d3e4f513','2026-02-03',42),
('0a1b2c3d-4e5f-6071-8192-a3b4c5d6e7f6','8a8b8c8d-8e8f-8071-8192-b1c2d3e4f517','2026-01-27',50),
('0a1b2c3d-4e5f-6071-8192-a3b4c5d6e7f6','8a8b8c8d-8e8f-8071-8192-b1c2d3e4f502','2026-01-29',56),
('0a1b2c3d-4e5f-6071-8192-a3b4c5d6e7f6','8a8b8c8d-8e8f-8071-8192-b1c2d3e4f509','2026-01-30',28),
('0a1b2c3d-4e5f-6071-8192-a3b4c5d6e7f6','8a8b8c8d-8e8f-8071-8192-b1c2d3e4f514','2026-01-31',45),
('0a1b2c3d-4e5f-6071-8192-a3b4c5d6e7f6','8a8b8c8d-8e8f-8071-8192-b1c2d3e4f520','2026-02-01',65),
('0a1b2c3d-4e5f-6071-8192-a3b4c5d6e7f6','8a8b8c8d-8e8f-8071-8192-b1c2d3e4f507','2026-02-03',38),
('0a1b2c3d-4e5f-6071-8192-a3b4c5d6e7f7','8a8b8c8d-8e8f-8071-8192-b1c2d3e4f503','2026-01-27',60),
('0a1b2c3d-4e5f-6071-8192-a3b4c5d6e7f7','8a8b8c8d-8e8f-8071-8192-b1c2d3e4f516','2026-01-28',52),
('0a1b2c3d-4e5f-6071-8192-a3b4c5d6e7f7','8a8b8c8d-8e8f-8071-8192-b1c2d3e4f512','2026-01-29',18),
('0a1b2c3d-4e5f-6071-8192-a3b4c5d6e7f7','8a8b8c8d-8e8f-8071-8192-b1c2d3e4f519','2026-01-31',35),
('0a1b2c3d-4e5f-6071-8192-a3b4c5d6e7f7','8a8b8c8d-8e8f-8071-8192-b1c2d3e4f501','2026-02-01',68),
('0a1b2c3d-4e5f-6071-8192-a3b4c5d6e7f7','8a8b8c8d-8e8f-8071-8192-b1c2d3e4f508','2026-02-02',48),
('0a1b2c3d-4e5f-6071-8192-a3b4c5d6e7f7','8a8b8c8d-8e8f-8071-8192-b1c2d3e4f521','2026-02-03',42),
('0a1b2c3d-4e5f-6071-8192-a3b4c5d6e7f8','8a8b8c8d-8e8f-8071-8192-b1c2d3e4f510','2026-01-27',25),
('0a1b2c3d-4e5f-6071-8192-a3b4c5d6e7f8','8a8b8c8d-8e8f-8071-8192-b1c2d3e4f523','2026-01-28',55),
('0a1b2c3d-4e5f-6071-8192-a3b4c5d6e7f8','8a8b8c8d-8e8f-8071-8192-b1c2d3e4f501','2026-01-29',70),
('0a1b2c3d-4e5f-6071-8192-a3b4c5d6e7f8','8a8b8c8d-8e8f-8071-8192-b1c2d3e4f519','2026-01-31',38),
('0a1b2c3d-4e5f-6071-8192-a3b4c5d6e7f8','8a8b8c8d-8e8f-8071-8192-b1c2d3e4f507','2026-02-01',52),
('0a1b2c3d-4e5f-6071-8192-a3b4c5d6e7f8','8a8b8c8d-8e8f-8071-8192-b1c2d3e4f514','2026-02-02',45),
('0a1b2c3d-4e5f-6071-8192-a3b4c5d6e7f8','8a8b8c8d-8e8f-8071-8192-b1c2d3e4f524','2026-02-03',62),
('0a1b2c3d-4e5f-6071-8192-a3b4c5d6e7f9','8a8b8c8d-8e8f-8071-8192-b1c2d3e4f506','2026-01-27',35),
('0a1b2c3d-4e5f-6071-8192-a3b4c5d6e7f9','8a8b8c8d-8e8f-8071-8192-b1c2d3e4f522','2026-01-28',48),
('0a1b2c3d-4e5f-6071-8192-a3b4c5d6e7f9','8a8b8c8d-8e8f-8071-8192-b1c2d3e4f501','2026-01-30',65),
('0a1b2c3d-4e5f-6071-8192-a3b4c5d6e7f9','8a8b8c8d-8e8f-8071-8192-b1c2d3e4f511','2026-01-31',28),
('0a1b2c3d-4e5f-6071-8192-a3b4c5d6e7f9','8a8b8c8d-8e8f-8071-8192-b1c2d3e4f516','2026-02-01',58),
('0a1b2c3d-4e5f-6071-8192-a3b4c5d6e7f9','8a8b8c8d-8e8f-8071-8192-b1c2d3e4f520','2026-02-03',50),
('0a1b2c3d-4e5f-6071-8192-a3b4c5d6e7fa','8a8b8c8d-8e8f-8071-8192-b1c2d3e4f505','2026-01-27',58),
('0a1b2c3d-4e5f-6071-8192-a3b4c5d6e7fa','8a8b8c8d-8e8f-8071-8192-b1c2d3e4f517','2026-01-28',45),
('0a1b2c3d-4e5f-6071-8192-a3b4c5d6e7fa','8a8b8c8d-8e8f-8071-8192-b1c2d3e4f523','2026-01-30',52),
('0a1b2c3d-4e5f-6071-8192-a3b4c5d6e7fa','8a8b8c8d-8e8f-8071-8192-b1c2d3e4f502','2026-01-31',68),
('0a1b2c3d-4e5f-6071-8192-a3b4c5d6e7fa','8a8b8c8d-8e8f-8071-8192-b1c2d3e4f509','2026-02-01',30),
('0a1b2c3d-4e5f-6071-8192-a3b4c5d6e7fa','8a8b8c8d-8e8f-8071-8192-b1c2d3e4f515','2026-02-02',55),
('0a1b2c3d-4e5f-6071-8192-a3b4c5d6e7fa','8a8b8c8d-8e8f-8071-8192-b1c2d3e4f506','2026-02-03',40)
) AS v(member_id, program_workout_id, log_date, duration);

COMMIT;
